transaction_amount,hour,account_age_days,transactions_last_24h,device_changes,country_mismatch,failed_attempts,is_risky
1407.8,18,481,23,3,0,5,1
9030.36,4,902,22,1,1,0,1
3950.24,7,556,5,2,0,4,1
2738.83,6,640,4,1,0,5,0
508.87,13,1559,4,3,1,2,1
508.79,23,1536,6,4,0,0,0
179.52,22,1047,20,1,0,3,1
6033.69,2,787,21,4,0,1,1
2757.25,17,1685,13,1,1,1,0
3693.75,15,1839,22,4,0,5,1
62.4,22,373,5,1,0,1,0
10510.67,18,128,23,4,1,1,1
5359.29,18,1271,25,2,1,5,1
716.06,17,555,26,0,1,1,1
602.04,19,1202,23,1,0,0,0
607.83,15,531,7,2,1,2,1
1088.26,7,643,20,0,1,5,1
2231.78,0,1946,1,1,1,3,1
1696.61,16,1690,14,2,0,5,1
1032.67,11,972,24,2,1,4,1
2839.11,20,967,4,2,1,3,1
450.7,10,1768,17,3,1,4,1
1036.55,4,892,21,4,1,5,1
1368.83,11,1802,14,0,1,4,1
1826.8,16,789,16,4,0,3,1
4613.81,5,880,14,4,0,0,0
668.21,0,525,16,4,1,5,1
2166.09,4,947,24,2,1,5,1
2692.51,13,1430,20,4,1,1,1
142.69,4,875,29,3,0,5,1
2806.0,21,115,28,1,0,5,1
560.88,23,1118,8,2,0,0,0
201.79,0,223,24,0,0,1,1
8921.06,17,1154,3,1,1,2,0
10111.89,15,1165,25,1,1,4,1
4956.99,8,859,19,1,1,3,1
1089.86,18,206,1,4,1,2,1
308.33,21,28,2,4,0,1,0
3458.25,4,651,15,2,1,0,1
1740.27,1,1045,22,4,0,3,1
390.46,14,1114,28,4,0,4,1
2050.64,6,339,10,4,1,5,1
104.98,3,875,18,2,0,5,1
7201.27,0,783,22,2,0,2,1
898.37,12,401,14,3,1,4,1
3258.77,19,646,17,3,0,1,1
1120.64,21,316,27,3,0,4,1
2202.33,6,1300,13,3,1,0,1
2373.67,14,1480,1,1,0,2,0
613.17,22,1474,5,1,0,2,0
10478.42,13,904,26,3,1,0,1
4476.74,22,661,13,3,0,4,1
8415.28,18,850,27,0,1,0,1
6756.46,21,1035,25,1,0,3,1
2733.16,23,529,14,0,0,0,0
7648.31,19,1795,24,0,1,4,1
277.97,23,1684,3,4,1,0,1
654.4,17,645,15,2,0,1,0
138.85,9,1342,19,1,1,5,1
1180.6,8,749,17,3,0,0,1
1476.39,7,1555,3,3,1,5,1
949.68,9,478,16,2,0,0,1
5293.67,16,221,14,1,0,4,0
1323.68,1,1145,12,3,0,3,1
989.41,5,1041,28,3,0,3,1
2347.22,4,813,12,4,0,5,1
455.69,8,486,29,0,1,4,1
4861.45,4,883,11,3,1,4,1
232.43,17,469,17,1,0,4,1
13002.44,19,262,8,2,0,1,1
4438.45,8,1559,17,4,1,2,1
664.62,16,761,21,1,1,0,1
16.61,16,1471,25,4,1,4,1
5069.69,11,1787,23,0,1,4,1
3681.29,6,990,20,3,1,4,1
3916.99,2,863,11,1,0,3,1
4425.64,9,1694,25,2,0,4,1
230.79,1,245,25,0,1,0,1
1331.68,2,1339,2,0,1,4,1
369.45,15,487,10,4,1,0,1
5965.59,1,688,10,0,1,1,1
2928.9,23,1053,11,1,1,2,0
1205.46,9,225,28,4,1,3,1
197.0,5,864,6,0,1,0,0
1117.47,21,144,4,2,1,5,1
1179.94,10,914,24,1,1,1,1
3923.63,22,1162,12,2,0,2,0
3044.67,6,419,11,2,1,2,1
6546.76,14,1455,23,4,1,2,1
1917.2,5,1327,23,3,0,0,1
382.12,19,1279,27,4,0,1,1
3747.38,8,1734,26,1,0,4,1
4291.18,21,1589,25,1,1,5,1
2471.66,19,95,13,4,1,1,1
4421.67,11,565,5,3,1,1,1
2042.44,18,1875,6,4,1,1,1
2219.04,19,1408,1,1,0,0,0
1673.44,2,1479,6,3,1,5,1
77.24,14,387,18,1,1,0,1
342.5,1,1423,22,3,0,5,1
95.8,20,1690,9,3,1,5,1
3035.19,1,1084,24,4,1,0,1
1132.19,21,251,25,4,1,5,1
2131.31,2,1327,29,4,1,1,1
7143.8,5,929,15,3,0,0,0
860.22,14,1596,26,3,0,5,1
1584.85,9,275,8,1,0,2,0
4226.25,8,1153,19,2,0,0,1
779.42,0,721,24,4,1,3,1
240.31,15,1950,16,1,1,0,1
1026.42,5,1281,6,1,1,0,0
527.43,8,79,29,0,0,0,0
7964.85,3,1886,6,4,0,5,1
4952.66,1,66,22,1,0,0,1
3010.48,3,1415,3,0,1,3,1
6154.56,0,48,10,4,1,4,1
4883.91,18,810,1,3,0,0,0
619.49,9,1476,28,0,0,2,0
6692.44,20,1051,14,3,1,3,1
2325.3,14,1985,4,2,1,4,1
4942.04,21,741,26,2,1,5,1
6792.73,18,834,12,2,0,0,0
1148.19,15,765,6,2,0,4,1
349.78,20,361,11,1,0,2,0
776.06,23,1849,12,2,0,3,1
1671.17,21,1331,10,1,1,3,1
5111.49,3,292,18,1,1,5,1
5914.03,1,1619,7,4,1,5,1
20.93,12,119,7,1,0,5,0
2144.63,0,1026,11,1,1,4,1
1620.82,16,1213,4,2,1,0,1
753.5,12,1971,20,1,1,1,1
383.04,3,553,1,3,1,3,1
1235.73,6,1779,13,2,1,1,1
8589.36,16,1827,18,0,0,3,1
1171.15,8,34,9,2,1,5,1
2194.36,3,852,26,1,1,0,1
3642.26,18,800,24,3,0,0,1
1355.92,0,747,24,2,0,3,1
10703.39,9,66,9,3,1,4,1
9846.03,3,189,23,0,1,5,1
870.18,8,241,29,0,1,0,1
2062.98,12,1927,9,4,1,0,1
1073.79,13,352,10,4,0,2,0
1005.75,9,486,28,2,1,0,1
112.75,5,1832,2,4,0,2,0
2821.48,15,585,6,3,1,0,1
2095.56,5,464,15,4,1,0,1
158.55,16,1265,3,3,1,4,1
979.88,9,298,11,4,0,4,1
7166.58,17,1246,6,4,1,5,1
821.58,21,267,3,4,1,0,1
469.59,17,539,24,1,0,5,1
2016.82,2,696,11,1,1,5,1
12732.11,19,938,15,4,0,5,1
831.43,20,238,13,3,1,5,1
3345.47,14,1259,20,2,0,3,1
4301.66,14,605,28,0,0,3,1
814.0,3,1836,10,1,0,0,0
3908.25,8,444,6,4,1,3,1
1375.57,18,891,15,0,0,0,0
3001.51,23,1030,25,1,0,4,1
3011.51,16,1791,18,2,1,1,1
2302.16,10,411,18,3,0,2,1
283.89,8,631,7,4,1,3,1
5410.93,9,1799,15,2,1,3,1
1160.43,17,97,18,1,0,4,1
619.3,19,593,18,4,0,3,1
124.89,12,1926,20,0,1,0,1
2681.34,7,1575,9,3,0,0,0
3395.56,6,1717,24,1,0,1,0
50.18,16,318,2,3,0,1,0
2152.89,20,915,8,4,0,1,0
770.47,22,352,20,2,1,0,1
3108.37,14,445,2,3,1,5,1
574.81,19,186,11,0,0,5,0
3522.64,14,148,26,1,1,1,1
1466.88,0,203,7,0,0,1,0
8281.03,13,1219,6,3,0,0,0
443.83,4,1251,10,2,0,4,1
1251.4,10,1197,5,2,0,3,1
361.33,15,1194,11,0,1,2,0
7758.57,1,952,1,4,0,5,1
6295.0,7,534,2,4,1,5,1
894.98,10,1841,24,2,0,0,1
3236.29,17,1634,1,0,1,0,0
5098.45,2,1869,19,0,1,2,1
2430.4,0,1075,2,0,1,2,1
2262.84,10,924,21,3,1,1,1
830.63,15,219,20,4,0,2,1
293.18,17,750,29,4,1,3,1
6825.37,15,871,23,3,0,3,1
6920.32,22,1308,21,1,1,5,1
3008.01,9,963,24,3,1,3,1
1242.14,17,1312,4,0,1,3,1
1288.7,5,1284,12,3,0,3,1
3883.4,18,1343,22,0,1,1,1
6822.29,3,1753,20,2,0,5,1
6543.4,12,842,18,0,0,0,0
4540.69,23,149,1,4,0,5,1
3081.93,13,801,1,3,1,5,1
263.68,2,555,24,0,1,5,1
528.88,9,1854,14,1,1,2,0
6864.69,5,1026,4,2,1,0,1
2797.48,0,1937,5,1,1,2,1
27.72,22,1563,11,1,1,1,0
320.99,23,66,24,1,1,1,1
3267.49,13,121,28,2,0,4,1
15.22,7,14,23,2,1,4,1
525.95,18,1443,13,2,0,1,0
2387.09,13,1447,16,2,0,1,1
3531.95,9,1215,24,1,1,2,1
3166.32,16,1046,13,4,1,1,1
761.85,8,1372,24,4,0,0,1
3736.25,5,1830,22,2,0,2,1
812.47,10,1292,26,3,1,1,1
1180.9,6,99,2,0,0,2,0
4117.07,16,625,16,3,0,2,1
3146.32,0,900,6,3,0,3,1
5675.87,21,707,14,3,0,4,1
3215.44,4,1283,1,4,1,2,1
2520.13,8,1288,17,0,1,5,1
295.07,17,1621,11,3,0,2,0
1375.25,23,907,19,2,0,5,1
924.48,20,980,3,4,0,3,1
839.1,1,1141,11,2,1,1,1
10836.93,10,677,29,2,1,2,1
1498.16,5,603,5,3,0,3,1
6678.17,7,598,17,2,0,0,1
2992.0,3,494,26,0,0,3,1
4751.48,17,991,22,2,1,4,1
2095.31,10,981,7,3,0,4,1
2580.47,4,1291,10,2,0,1,1
2034.88,14,648,28,4,0,5,1
651.64,17,1006,29,4,0,1,1
3845.29,1,1936,11,4,0,5,1
988.73,21,291,3,1,1,5,1
73.85,10,995,20,4,1,5,1
3110.91,12,1121,10,4,1,5,1
584.8,3,1237,27,1,0,4,1
8463.25,21,25,10,4,1,4,1
9232.69,6,1184,14,3,0,2,0
7390.53,10,945,12,4,1,4,1
1386.86,21,263,15,4,1,1,1
46.73,23,1221,10,1,0,4,0
7906.57,3,338,10,3,0,1,1
1676.81,14,553,26,2,0,0,1
10202.53,0,792,19,0,1,4,1
9941.21,22,1006,1,3,0,1,0
5752.16,2,1430,24,2,1,5,1
1046.33,13,1550,29,3,1,3,1
1458.88,5,1492,26,2,1,5,1
5714.18,17,1363,10,2,0,2,0
1143.44,0,1853,2,3,0,1,1
557.16,5,854,17,1,0,5,1
2441.21,5,1202,24,3,1,4,1
8253.88,20,1726,7,3,1,4,1
3572.48,15,375,7,2,0,0,0
2532.34,4,1211,20,0,1,3,1
306.68,16,664,27,2,1,1,1
2863.59,9,1395,9,4,1,5,1
13831.71,20,769,22,3,0,3,1
452.76,17,648,2,3,1,0,1
2191.49,6,1808,14,1,1,2,0
6295.83,2,1073,17,2,0,3,1
4050.1,12,933,1,1,0,0,0
3582.22,14,425,9,3,0,1,0
3636.86,19,1388,20,2,0,2,1
1336.48,18,264,21,2,0,4,1
1042.69,2,1176,19,4,0,0,1
4972.12,3,1785,4,4,1,4,1
4983.98,4,1773,28,0,1,2,1
6053.85,0,1886,8,4,1,0,1
7333.85,3,719,13,2,1,0,1
2148.28,11,586,4,4,0,2,0
2088.55,23,909,9,0,1,1,0
4802.85,9,20,9,3,0,0,0
3149.16,22,1653,22,4,0,2,1
3631.65,20,35,18,2,1,3,1
4765.86,19,966,12,3,1,4,1
6621.97,23,430,10,2,0,0,0
1237.45,12,1696,11,3,0,3,1
1412.81,22,1254,7,2,0,0,0
296.09,13,1886,9,4,0,1,0
2590.24,22,505,6,4,1,2,1
109.81,4,1270,19,0,0,0,1
1879.82,3,246,16,3,1,2,1
2346.88,13,1018,15,0,0,5,0
1012.89,9,228,7,1,0,0,0
2680.9,16,1520,16,4,0,1,1
92.93,9,1969,5,3,1,1,1
114.19,6,470,16,0,0,3,1
5188.05,15,672,1,0,1,1,0
1339.76,0,644,19,1,1,2,1
407.67,16,1177,5,0,1,5,1
2215.96,20,999,7,2,0,1,0
4408.94,8,198,19,4,1,0,1
729.35,5,264,22,0,1,1,1
2925.66,18,77,5,0,0,5,0
267.63,12,625,29,1,0,2,0
159.2,2,345,17,2,1,0,1
2273.73,6,680,26,0,1,3,1
2333.73,21,830,22,4,0,3,1
3043.61,8,883,8,4,1,3,1
3884.88,21,1442,29,0,1,0,1
11170.67,4,309,29,2,1,3,1
2178.87,9,1941,1,4,0,1,0
1170.06,22,1635,2,4,1,0,1
4756.96,16,366,15,2,0,0,0
947.55,11,265,20,2,0,0,1
1733.95,22,1017,28,0,0,4,1
245.12,15,362,18,3,1,2,1
77.03,2,1765,11,1,0,4,1
9862.14,21,1554,25,3,1,4,1
5423.3,8,533,10,3,0,4,1
3571.93,14,1870,24,4,1,2,1
1577.58,4,959,24,2,1,4,1
570.92,22,765,4,4,1,3,1
510.36,12,1727,5,1,0,0,0
864.02,13,293,4,0,1,0,0
2390.37,19,1345,13,1,1,1,0
3761.55,14,108,25,4,0,5,1
3238.17,15,206,13,4,0,3,1
985.24,22,491,18,4,1,2,1
9294.31,12,887,29,4,0,5,1
4017.05,16,1259,27,3,0,0,1
2424.69,22,1878,24,0,0,4,1
2838.09,7,624,2,3,1,1,1
1632.11,20,627,16,4,0,1,1
853.98,1,1398,1,2,1,0,1
1320.04,4,377,26,3,0,3,1
4254.55,5,579,19,4,0,5,1
43.49,11,599,9,4,1,1,1
370.14,17,1108,28,0,0,0,0
141.28,21,1075,3,1,0,3,0
124.74,21,431,25,3,0,0,1
5802.61,0,845,7,3,0,0,1
3648.72,16,1214,29,3,1,3,1
1928.35,10,554,10,4,1,3,1
308.87,9,80,1,0,1,3,1
2029.55,18,1601,10,4,1,0,1
1924.35,13,1138,21,4,1,1,1
570.58,9,1233,9,2,1,2,1
1706.7,14,1134,28,0,1,2,1
1525.01,18,777,15,3,0,0,0
2870.17,3,316,15,1,1,0,1
3024.34,1,1619,3,3,1,1,1
139.09,8,1716,25,4,1,3,1
1408.15,9,386,5,0,0,0,0
2949.37,10,664,9,0,1,4,1
2098.32,13,687,26,0,1,3,1
5824.05,6,408,22,2,1,0,1
3224.92,22,1806,9,3,0,4,1
533.56,14,230,23,2,1,5,1
219.55,21,1628,7,1,0,1,0
3085.18,18,191,24,4,0,4,1
80.61,21,316,23,2,0,0,1
2644.04,14,531,12,2,0,2,0
8451.77,23,1429,25,4,1,0,1
2570.35,7,1023,27,0,0,2,0
1473.9,10,13,9,4,0,1,0
3092.48,8,872,6,3,1,1,1
1838.87,14,1947,23,4,0,3,1
2366.44,0,857,2,0,0,3,1
8514.38,0,813,9,4,0,2,1
1463.78,18,1314,28,2,0,2,1
9747.28,2,224,29,1,0,1,1
7072.73,9,981,17,2,0,4,1
653.69,7,1643,1,1,1,2,0
215.65,14,1453,19,4,1,2,1
318.68,9,110,28,3,1,4,1
55.17,0,972,6,4,1,3,1
297.62,17,1554,5,0,0,3,0
3446.62,1,582,2,4,0,2,1
221.55,18,1342,9,1,0,3,0
1152.47,12,667,29,2,1,3,1
5590.58,21,948,26,3,1,5,1
70.64,0,1964,14,4,0,3,1
5053.59,1,1543,4,4,0,1,1
993.25,15,1096,4,2,1,0,1
377.25,14,1666,21,3,1,2,1
3579.47,12,235,15,4,1,2,1
2974.2,15,114,8,4,1,1,1
6298.25,16,781,26,1,0,0,0
3984.88,20,1894,4,1,1,0,0
4880.99,6,1458,16,0,1,1,1
994.0,23,1288,21,2,0,4,1
586.0,16,438,28,3,0,4,1
4166.27,6,443,4,4,0,0,0
4932.63,12,1240,16,4,1,4,1
13971.01,4,1061,22,0,1,4,1
1596.24,16,691,12,4,1,4,1
1395.73,2,1369,16,2,1,0,1
4493.86,6,597,19,0,0,4,1
1250.2,16,1661,8,2,0,2,0
8010.41,6,1102,6,0,1,5,1
5864.52,20,875,10,4,1,0,1
1681.07,0,755,5,0,1,1,1
4169.35,16,1546,29,1,0,4,1
4213.9,16,1200,18,3,1,3,1
326.51,10,873,10,4,0,0,0
6985.34,2,1763,10,3,1,1,1
2111.12,14,1818,7,4,0,5,1
5254.0,20,377,18,3,0,2,1
1157.21,10,260,1,1,1,1,0
6776.37,15,868,7,3,0,4,1
1478.97,21,865,21,0,0,3,1
32.69,8,1964,1,3,1,4,1
7073.72,23,1719,15,4,0,1,0
287.18,23,1203,4,2,1,0,1
1153.96,0,1791,28,3,0,3,1
8990.92,21,1968,29,3,0,3,1
9023.85,15,1123,20,3,0,1,1
2555.99,8,570,10,4,0,5,1
2997.69,18,1479,23,3,1,5,1
1785.04,11,303,9,4,1,4,1
1041.07,18,928,2,4,1,1,1
1195.46,21,1183,28,2,0,3,1
3348.97,8,1165,14,0,0,1,0
4187.51,6,442,16,4,1,3,1
4704.59,13,68,1,1,1,4,1
4676.49,18,978,2,3,1,0,1
286.91,18,845,7,1,1,0,0
2046.15,1,208,29,3,0,1,1
177.85,8,224,10,2,1,3,1
2392.38,12,907,22,4,0,0,1
1747.67,14,1594,20,0,1,3,1
6559.86,2,481,1,4,0,4,1
1296.57,10,1777,13,3,1,1,1
373.52,20,256,1,0,1,3,1
462.92,13,391,5,4,0,1,0
4300.29,7,1000,16,0,0,3,1
2888.72,17,1272,15,3,1,5,1
319.83,18,936,17,2,0,5,1
263.57,15,1400,28,2,1,3,1
3621.63,1,1201,23,4,0,4,1
226.64,7,569,16,1,1,1,1
5175.56,21,1084,13,3,1,2,1
3675.0,5,1844,11,4,1,3,1
254.55,11,1643,17,4,1,3,1
265.96,14,1984,17,2,1,5,1
12946.38,7,1761,2,0,1,0,1
1406.51,3,698,13,3,1,5,1
1389.17,14,389,14,0,1,1,0
5026.73,19,483,11,3,0,5,1
8826.49,16,1113,28,1,0,2,0
12806.32,12,706,10,2,0,4,1
4199.7,17,1400,3,1,1,2,0
1416.06,1,1494,29,4,1,4,1
261.58,12,920,27,2,1,2,1
4503.73,12,1572,17,4,0,5,1
2452.08,21,1485,15,1,0,2,0
1656.1,14,1497,9,3,0,5,1
7104.71,19,969,10,4,0,5,1
353.64,9,487,8,0,0,1,0
2035.52,2,1013,21,3,1,5,1
34.26,18,935,13,3,0,0,0
1897.06,2,1453,27,1,1,2,1
173.85,21,716,18,1,1,3,1
379.47,13,1247,5,2,1,3,1
375.08,7,1402,6,2,0,3,1
3142.71,22,863,17,0,0,0,0
4111.79,3,1147,11,3,1,5,1
2626.66,19,1026,20,0,0,2,0
9824.16,10,763,16,0,0,4,1
1409.39,10,512,9,1,1,4,1
1009.41,10,1669,2,0,1,1,0
6088.51,1,826,5,0,1,0,1
759.25,16,597,1,4,1,2,1
9908.61,8,1344,4,2,1,5,1
36.69,1,1502,4,2,0,3,1
10507.58,23,1857,22,3,1,0,1
132.36,14,717,26,2,0,0,1
6653.16,15,1896,25,3,0,2,1
2250.43,3,1077,3,4,1,5,1
14870.49,7,1448,9,2,1,1,1
229.98,8,1731,22,4,0,5,1
2421.33,4,1888,23,2,1,1,1
10450.73,15,1279,12,2,0,1,1
2221.33,12,1982,10,4,1,3,1
2977.88,6,1117,2,0,1,3,1
3569.7,19,216,11,0,0,2,0
1818.38,16,160,10,0,0,5,0
2963.02,2,677,22,0,1,1,1
2633.48,4,537,6,2,1,2,1
6942.7,18,174,18,1,1,1,1
139.53,11,926,2,4,0,0,0
989.53,6,1178,2,1,1,4,1
9011.99,8,1019,10,1,1,4,1
6629.03,5,46,16,3,1,1,1
1824.53,16,342,12,0,1,2,0
2903.8,15,412,1,2,0,3,1
974.62,22,423,21,0,0,5,1
625.21,2,54,8,0,0,1,0
1869.18,20,1435,16,1,1,1,1
1307.86,3,215,18,3,1,5,1
2628.73,9,71,13,0,1,3,1
242.77,4,429,15,4,0,1,1
10994.88,20,877,21,4,0,0,1
12851.6,21,1501,12,0,0,3,1
3593.59,9,829,8,1,0,0,0
2304.24,11,28,10,1,1,4,1
1111.14,9,374,14,2,0,5,1
5042.72,12,1333,5,3,0,3,1
3462.99,10,1040,18,1,1,3,1
532.42,21,1794,19,2,0,2,1
7254.9,15,437,15,4,1,2,1
5186.98,7,1150,6,4,1,5,1
8975.22,7,589,27,4,1,3,1
3880.81,7,1540,11,0,1,4,1
2851.21,12,555,21,3,1,1,1
1625.11,1,1739,11,2,0,5,1
8097.06,11,334,20,3,0,5,1
6031.18,9,64,20,0,1,2,1
138.82,11,787,21,2,0,4,1
80.16,10,1001,18,2,1,5,1
1417.04,14,51,25,1,0,4,1
4990.94,15,1330,18,3,0,5,1
13092.83,16,240,10,3,0,2,1
489.03,1,462,2,1,0,1,0
2705.17,17,1923,26,4,0,2,1
1438.42,11,403,9,0,0,5,0
10511.13,18,1555,14,3,0,4,1
5537.74,22,1391,19,1,1,0,1
5466.57,17,1477,10,2,1,2,1
1897.25,16,1161,23,1,1,4,1
1607.5,5,700,4,4,0,2,0
958.17,14,1438,29,0,0,5,1
174.08,2,401,29,4,1,4,1
6001.28,5,1226,6,2,1,1,1
5028.35,2,613,14,2,0,4,1
24517.34,0,890,4,2,1,3,1
17084.62,12,1776,26,2,1,0,1
2431.95,20,1111,15,1,1,5,1
4395.85,13,94,16,2,1,4,1
8688.52,12,1063,7,2,0,5,1
5684.32,3,1758,17,1,1,2,1
852.46,6,58,19,2,1,2,1
1796.48,21,1810,29,4,1,4,1
414.89,9,1178,19,4,1,3,1
9240.67,6,78,17,3,0,4,1
2795.54,20,1091,6,4,1,1,1
778.81,14,706,29,0,1,3,1
3341.49,14,1607,11,0,1,5,1
2888.01,3,488,16,0,1,4,1
1330.26,22,829,25,1,1,5,1
361.62,22,1478,8,4,0,0,0
3340.32,5,1329,11,0,1,3,1
2203.83,23,1711,7,3,1,4,1
4439.42,19,1204,26,1,0,0,0
2202.93,4,1608,24,3,1,4,1
5735.31,19,156,22,4,0,1,1
2408.26,11,1517,25,2,1,2,1
2469.34,0,1339,19,3,0,5,1
6278.28,7,1706,26,2,0,4,1
1549.94,0,1686,10,1,1,3,1
431.66,4,1879,9,3,0,4,1
87.62,21,1025,4,3,1,4,1
4221.17,5,618,23,1,0,4,1
2905.2,20,455,15,1,0,4,0
3653.0,2,230,13,0,1,3,1
718.44,14,1588,25,4,0,3,1
439.84,4,1978,2,3,1,4,1
43.95,23,1837,2,3,0,2,0
1295.06,13,1411,16,1,0,4,1
2674.19,17,1653,9,1,1,5,1
1493.95,15,1299,28,4,1,5,1
1725.96,5,104,13,1,0,3,0
7035.18,23,271,3,2,1,5,1
1284.31,13,1858,9,2,1,5,1
2164.58,23,906,13,2,0,1,0
4592.62,7,1104,21,2,0,4,1
1515.24,6,1987,22,4,1,4,1
2919.27,7,228,2,3,0,4,1
5949.42,12,1566,8,2,1,4,1
8958.57,5,101,27,1,1,0,1
477.25,17,136,9,2,1,4,1
7834.99,1,89,16,4,1,3,1
2032.51,7,1857,2,1,1,3,1
896.21,10,1271,6,2,1,0,1
1843.76,0,992,22,3,0,4,1
11740.96,21,1405,8,1,1,2,1
2035.47,5,925,26,1,0,4,1
1195.85,15,495,28,3,1,3,1
3010.46,19,703,5,1,0,1,0
823.89,11,34,9,2,0,5,1
236.69,10,165,1,1,0,1,0
413.93,9,1550,9,2,1,2,1
411.06,2,641,10,3,0,4,1
494.28,12,1822,23,0,0,0,0
448.38,2,1563,4,3,1,4,1
3072.25,14,1976,3,2,0,2,0
602.24,15,1743,10,4,0,2,0
1272.42,12,1090,15,3,1,5,1
6812.92,16,1638,11,4,0,2,0
1927.14,2,28,14,4,0,1,1
3303.87,19,1417,6,2,1,5,1
567.39,10,1898,12,2,0,4,1
640.65,20,1226,13,0,0,4,0
125.18,18,246,17,1,0,0,0
555.14,21,1420,16,3,0,2,1
979.64,10,1459,3,2,1,2,1
584.44,15,286,2,3,1,3,1
278.66,20,1260,11,4,1,5,1
385.67,2,754,29,1,1,3,1
1852.89,21,561,9,0,0,5,0
693.28,5,1356,3,3,1,1,1
1358.94,13,1186,29,1,1,5,1
2100.02,23,648,18,0,0,4,1
3517.37,17,246,20,3,0,0,1
120.32,16,1007,15,1,0,5,0
4819.48,3,64,14,2,1,5,1
2965.78,22,1469,2,3,0,5,1
255.89,14,693,17,1,0,0,0
6204.4,10,118,22,0,0,2,0
7610.08,2,1899,26,1,1,0,1
189.07,2,1217,8,2,1,2,1
972.53,15,1984,10,3,1,4,1
4922.81,4,1401,26,3,1,0,1
4138.07,20,1231,18,3,1,2,1
611.94,9,1404,25,2,1,4,1
704.7,18,382,29,0,1,4,1
1388.36,3,982,19,3,0,2,1
1987.99,18,1530,8,0,0,2,0
2889.01,10,1632,28,1,0,1,0
1380.94,1,210,8,0,1,4,1
1862.67,9,858,3,0,1,2,0
4128.69,10,518,3,3,0,4,1
112.12,19,1355,12,4,0,0,0
872.81,15,284,22,4,1,3,1
3748.48,18,220,17,2,1,3,1
6767.3,22,513,4,2,1,5,1
2150.34,23,1936,17,4,1,2,1
2278.59,10,1151,14,1,1,2,0
340.08,13,712,19,3,1,4,1
1779.43,1,1587,9,3,1,5,1
2281.82,22,51,21,1,1,2,1
833.08,4,324,12,1,0,4,1
941.02,4,797,5,4,1,2,1
1420.99,18,338,11,2,1,4,1
60.83,20,1050,20,1,1,2,1
1166.17,11,292,3,2,0,1,0
712.67,17,952,21,0,0,4,1
1190.25,3,267,15,3,1,1,1
382.69,21,584,14,4,0,1,0
6636.24,16,583,11,3,0,1,0
2701.2,9,621,20,4,0,1,1
3409.9,19,1052,8,0,1,0,0
4670.13,5,1562,4,3,1,5,1
2070.11,13,846,27,0,1,3,1
272.8,10,432,12,4,1,0,1
2310.78,10,1499,8,1,1,2,0
2651.77,17,1406,6,3,1,2,1
4104.65,22,767,15,0,1,5,1
1695.1,21,772,12,3,0,3,1
409.45,17,1114,16,3,1,3,1
1001.29,23,1584,16,3,1,3,1
1353.34,22,1581,27,2,1,1,1
3114.67,10,433,21,0,1,0,1
2537.35,20,438,20,0,1,2,1
1320.62,11,1421,20,3,1,0,1
12918.59,4,1954,28,1,1,0,1
2792.5,22,1742,4,3,1,0,1
812.38,8,1703,11,2,0,3,1
322.03,8,213,13,4,0,5,1
497.66,21,205,29,2,1,5,1
846.92,9,737,9,1,1,3,1
525.49,21,294,4,3,0,2,0
619.48,18,205,12,0,1,2,0
1006.82,0,316,9,3,1,2,1
571.21,6,1697,13,1,0,5,0
6812.25,3,23,16,0,1,5,1
250.91,0,1870,26,2,1,0,1
2230.24,14,1179,6,4,1,3,1
1584.92,7,1971,10,4,0,1,0
12115.93,11,1090,13,3,0,0,1
356.48,21,732,7,2,1,4,1
1521.77,21,789,28,1,0,5,1
10467.18,17,1243,26,4,0,0,1
6018.73,14,538,19,2,0,3,1
5095.99,16,807,24,3,1,4,1
894.83,13,353,19,0,0,0,0
562.2,13,1748,17,3,0,3,1
3313.68,17,1644,13,3,0,3,1
7951.16,19,1312,13,2,1,5,1
2440.95,17,218,26,4,0,1,1
2543.18,15,650,28,2,0,0,1
985.43,0,1368,21,0,1,3,1
4402.42,22,1321,2,2,0,2,0
621.23,10,261,10,1,0,3,0
1173.26,14,1298,22,3,0,1,1
1662.43,11,280,13,4,1,3,1
2125.45,7,1957,26,0,1,5,1
832.84,21,929,9,3,0,0,0
365.95,19,1733,1,2,0,5,1
2829.6,5,428,14,1,0,0,0
1021.69,2,1759,29,2,0,4,1
2611.36,23,804,16,3,0,0,1
502.99,12,1244,20,0,0,4,1
1968.36,12,1398,15,4,1,5,1
2281.64,1,1109,1,3,0,2,1
159.64,4,1693,17,0,0,1,1
1231.15,16,1354,24,3,0,2,1
433.05,5,734,13,1,1,4,1
196.42,1,442,27,2,0,3,1
13803.6,3,118,15,4,1,3,1
1167.39,21,650,16,0,0,2,0
4980.21,10,1555,16,4,0,3,1
881.67,7,1080,2,4,0,4,1
3432.42,11,388,17,4,0,5,1
4284.2,7,1860,11,0,0,1,0
2716.34,10,1129,8,0,0,0,0
1913.57,21,967,20,4,1,4,1
1592.27,19,112,3,2,0,4,1
1287.13,7,901,29,3,0,0,1
7957.67,7,863,12,4,0,0,0
5326.82,16,1179,20,1,1,1,1
10059.53,19,1913,16,4,0,1,1
398.19,19,1975,14,0,1,1,0
3937.65,22,1961,16,3,0,3,1
8358.38,15,1060,27,1,0,4,1
599.87,13,1765,21,3,1,5,1
206.43,10,539,17,3,1,0,1
4054.18,6,688,11,1,0,4,0
2563.28,15,1978,17,4,1,4,1
5532.23,12,998,19,4,1,1,1
451.67,14,1115,22,4,0,1,1
4758.15,23,437,1,2,0,4,1
675.54,15,1617,27,4,0,1,1
536.15,20,831,12,1,1,3,1
538.33,22,1512,15,2,0,0,0
5055.31,23,1799,18,4,0,4,1
3282.64,8,1195,28,2,1,0,1
2221.13,2,1872,23,1,1,3,1
1333.38,18,941,14,4,0,1,0
6291.61,19,1435,1,0,1,2,0
1494.94,4,1541,13,1,1,3,1
5088.25,9,1071,15,3,1,2,1
1734.82,16,1988,7,3,0,0,0
1419.36,14,520,15,1,0,4,0
1863.48,22,402,20,3,0,1,1
1075.94,7,722,10,1,1,3,1
4130.33,14,503,14,0,0,1,0
2095.81,20,1233,6,1,0,2,0
792.73,13,1288,14,4,1,2,1
6895.02,19,1212,24,4,1,5,1
1453.0,6,556,25,2,0,4,1
2352.85,20,603,22,3,1,2,1
7108.49,22,398,12,3,0,4,1
2936.4,11,1431,11,1,0,5,0
372.94,16,1765,29,3,0,3,1
8431.85,16,167,25,4,1,5,1
2964.23,9,1037,20,0,1,4,1
1223.48,18,176,22,1,0,2,0
449.93,13,1501,24,3,0,0,1
4740.0,10,969,25,4,0,4,1
2903.33,1,418,19,2,0,1,1
2287.24,17,1445,2,3,1,0,1
6729.91,6,1237,22,0,0,4,1
4661.97,11,203,20,0,0,1,0
493.47,1,244,1,3,1,5,1
1120.69,19,727,8,3,0,0,0
857.01,17,1183,25,4,0,4,1
4087.1,5,1192,14,3,0,3,1
102.32,23,1312,9,2,0,5,1
2531.14,9,825,2,4,0,1,0
4312.24,19,413,25,1,1,3,1
6281.0,14,902,23,2,1,2,1
1256.02,4,687,5,4,1,5,1
5165.42,19,1344,23,4,1,5,1
351.73,2,77,29,0,0,4,1
5621.23,4,1496,25,4,1,4,1
409.14,7,97,8,2,1,1,1
1518.94,7,226,16,3,1,5,1
4788.02,7,10,22,2,1,4,1
487.27,11,1168,16,1,1,2,1
781.18,23,1730,13,4,1,4,1
3843.13,22,1384,20,4,1,5,1
3819.29,7,149,29,4,1,0,1
3074.53,10,627,15,4,0,3,1
3552.01,13,142,1,0,1,5,1
2347.41,7,1653,22,0,0,2,0
870.25,23,187,3,3,1,5,1
1272.55,9,819,6,4,1,2,1
601.2,6,1391,22,1,1,5,1
7172.63,16,389,14,3,0,3,1
2626.83,3,917,4,4,0,3,1
1536.74,12,1904,18,0,1,2,1
1859.72,3,667,15,1,0,5,1
8828.47,4,459,9,3,1,3,1
499.41,21,595,18,1,0,1,0
2647.33,3,472,3,4,0,5,1
2114.98,17,999,10,2,0,3,1
2836.03,5,1141,17,1,1,0,1
54.83,23,131,7,1,0,0,0
6170.08,23,26,15,0,0,1,0
8069.97,22,1229,1,4,1,3,1
2498.15,21,336,27,1,0,0,0
3578.61,1,327,25,4,1,5,1
7672.41,22,818,27,0,1,4,1
3685.19,10,1512,11,4,0,3,1
496.53,13,1285,17,0,1,1,1
2576.11,4,512,5,0,0,3,1
2799.66,5,128,7,3,0,2,0
1655.62,9,1707,19,4,1,2,1
4000.47,7,719,25,2,0,0,1
8171.03,13,1531,24,3,0,2,1
7793.63,23,1519,29,0,1,1,1
1798.09,2,54,15,2,1,0,1
360.54,11,323,3,1,0,1,0
12567.52,15,1212,15,1,1,5,1
5477.15,22,1927,5,3,1,1,1
399.44,16,427,23,2,1,2,1
7608.92,0,565,12,4,1,5,1
6118.27,22,1816,20,2,0,2,1
2194.65,9,1111,5,3,0,1,0
2684.14,22,335,3,4,1,2,1
1527.49,9,1723,9,4,0,2,0
168.95,20,1390,26,1,1,2,1
1224.79,23,1449,9,2,1,3,1
4871.42,1,1996,7,4,0,5,1
13.93,8,524,26,3,0,5,1
1217.14,21,223,2,1,0,5,0
1523.33,12,1887,23,4,0,1,1
2312.65,15,83,23,2,1,4,1
7571.78,17,1596,27,1,1,1,1
1275.53,18,1612,21,2,0,5,1
1278.32,11,518,16,2,1,0,1
4012.53,7,341,9,2,0,2,0
1805.63,16,1126,13,1,0,2,0
763.15,14,697,28,4,0,4,1
1806.85,9,666,27,0,1,0,1
455.46,14,1552,19,4,1,3,1
582.16,14,1302,20,1,0,1,0
2069.66,22,1409,17,0,0,3,1
1628.63,6,1867,6,0,0,0,0
7389.88,12,1037,4,0,0,4,0
1350.1,16,1171,1,3,1,0,1
2606.71,8,1264,18,1,1,4,1
3001.17,7,609,19,3,0,3,1
39.54,19,1562,9,0,0,3,0
3267.8,20,1085,13,3,1,0,1
588.18,17,1679,8,3,0,0,0
9737.99,12,1756,23,1,1,2,1
482.84,15,334,13,2,1,4,1
1606.5,8,1001,15,3,0,2,0
267.64,11,1938,11,3,1,1,1
17304.24,11,1764,12,0,1,1,1
2092.64,5,726,14,0,1,0,0
2714.46,18,732,4,0,1,3,1
208.3,6,286,1,4,0,1,0
4158.41,2,545,24,3,1,1,1
706.81,15,1519,4,0,1,2,0
6849.94,17,1549,19,1,1,2,1
688.77,15,161,9,4,0,1,0
634.71,22,964,10,2,0,0,0
111.7,6,1516,4,3,0,2,0
1916.36,3,268,20,3,1,1,1
2496.13,7,333,9,1,0,3,0
203.9,12,1026,13,2,0,2,0
4482.01,12,878,12,2,0,1,0
1811.5,16,1201,11,4,1,4,1
2229.47,16,697,12,3,0,2,0
1743.54,4,319,18,0,0,4,1
1536.29,5,812,12,1,0,2,0
2460.49,18,1512,16,1,1,2,1
506.11,12,1089,5,1,1,5,1
602.42,13,629,20,1,0,5,1
5936.85,21,482,25,0,0,4,1
8762.74,3,1329,12,0,0,0,0
1401.91,6,470,21,4,1,1,1
947.19,7,1357,25,3,1,0,1
3098.47,12,823,11,0,0,0,0
1576.47,5,855,9,4,1,5,1
77.14,5,1174,18,2,0,1,1
509.35,23,676,25,3,1,5,1
3776.05,20,271,3,0,0,5,0
3226.95,2,1818,20,2,1,5,1
82.41,2,1453,17,4,0,3,1
752.98,12,1777,14,0,1,0,0
788.28,21,1274,1,0,0,0,0
3343.24,1,364,17,2,0,0,1
59.72,15,1882,25,0,0,3,1
329.81,21,779,27,1,0,2,0
4827.06,5,1794,8,0,1,4,1
590.03,7,1622,5,3,0,4,1
3173.1,22,189,5,2,1,3,1
816.15,7,75,9,3,1,0,1
314.22,5,829,3,4,0,4,1
835.86,13,1381,19,3,0,3,1
3843.28,2,180,23,1,0,5,1
5807.51,9,483,9,1,0,1,0
5319.75,2,543,22,3,1,4,1
1518.43,11,1400,18,4,1,1,1
3308.63,16,1140,16,0,1,0,1
688.18,4,448,1,1,1,4,1
1040.8,19,844,2,3,0,3,1
6799.8,8,236,14,3,1,2,1
39.26,20,1477,14,3,0,4,1
268.16,19,451,1,0,0,4,0
699.15,6,405,26,2,1,4,1
80.67,21,737,26,4,1,4,1
600.61,3,1614,25,2,1,3,1
2624.31,12,93,16,4,1,3,1
1641.56,12,1648,15,4,1,2,1
6695.59,9,1584,26,3,1,3,1
5102.09,17,1046,15,1,0,3,0
1254.82,16,1842,12,3,0,0,0
900.98,19,1858,16,0,0,0,0
1432.62,19,702,14,4,1,1,1
2676.95,12,502,29,1,0,2,0
936.19,16,1301,24,4,0,0,1
2935.69,21,1558,15,4,0,2,0
1579.91,3,1153,23,3,0,2,1
2409.2,0,979,15,1,0,4,1
1718.78,0,362,19,1,0,5,1
1046.4,14,1090,8,4,1,5,1
8895.8,12,49,2,1,1,5,1
4326.76,16,1919,2,1,1,2,0
452.86,23,1369,27,3,0,4,1
6085.51,7,649,10,2,1,1,1
2004.96,17,182,3,0,1,1,0
6748.62,12,1580,23,2,0,5,1
4826.14,22,268,17,1,1,1,1
1661.27,13,1921,8,4,0,4,1
68.18,7,526,28,0,1,5,1
938.7,7,739,23,0,0,4,1
2340.26,14,532,4,4,0,1,0
3011.09,12,1927,14,0,1,5,1
894.76,6,848,21,4,0,4,1
450.22,4,126,10,0,1,3,1
5404.16,16,193,29,2,0,3,1
12481.87,15,1939,1,0,1,4,1
2237.68,22,1907,4,3,1,4,1
565.06,1,1149,1,4,0,0,1
953.63,21,171,17,0,1,0,1
55.69,17,1612,26,4,1,2,1
7370.67,16,1745,17,3,1,5,1
375.84,6,552,7,0,0,2,0
2577.72,12,1620,23,0,0,2,0
960.84,17,1270,20,3,1,1,1
2423.51,13,848,15,3,1,3,1
3161.67,17,1099,13,3,0,1,0
5311.32,12,1103,28,4,0,5,1
693.61,10,1842,2,3,1,4,1
33.17,20,456,28,4,0,0,1
441.62,20,425,19,2,0,5,1
6908.31,15,541,24,0,1,4,1
6211.8,22,450,13,0,0,5,0
2729.53,16,747,24,1,0,4,1
2752.75,7,1979,11,2,0,0,0
3281.2,18,473,27,3,1,4,1
578.47,19,1954,22,3,0,2,1
7374.63,14,405,15,2,1,5,1
1627.83,8,720,10,3,0,0,0
1449.33,19,1584,9,1,0,4,0
2195.15,9,1690,27,4,1,2,1
144.31,11,1590,28,0,1,2,1
545.59,20,404,9,2,1,3,1
4018.62,22,335,20,0,1,2,1
259.28,19,1926,28,4,0,1,1
2772.61,0,1952,1,2,1,0,1
844.5,19,1124,17,4,1,0,1
1479.43,8,759,12,3,1,0,1
1021.96,21,1103,10,3,0,4,1
1318.65,14,1199,5,3,0,5,1
3808.69,0,651,29,4,1,4,1
1057.71,11,223,18,4,1,1,1
2506.93,2,1885,15,4,1,5,1
1939.08,10,1634,6,0,1,2,0
3269.0,1,1368,7,4,0,4,1
8285.76,15,1797,17,3,1,5,1
3956.72,8,378,6,1,0,2,0
725.99,14,1894,8,4,1,5,1
95.04,11,1617,12,1,1,2,0
912.51,0,1710,21,3,0,5,1
2712.18,12,58,14,4,1,4,1
158.39,13,1085,12,0,1,4,1
2057.72,7,1322,23,0,1,1,1
2725.29,7,1823,10,1,1,3,1
1220.5,11,1659,22,0,0,0,0
4420.95,0,1272,20,0,1,4,1
338.16,10,142,15,0,1,4,1
234.33,7,1008,7,3,0,2,0
3907.94,9,795,26,0,1,3,1
2052.51,18,1199,9,2,0,4,1
3498.13,10,1407,10,4,1,5,1
1711.87,6,382,10,0,1,3,1
848.69,10,1838,16,0,1,0,1
5129.47,16,1511,29,0,0,5,1
4819.56,0,1788,7,2,0,2,1
3559.35,20,488,28,0,1,1,1
952.96,20,841,5,0,0,5,0
2676.48,7,659,23,4,1,0,1
1343.43,22,1624,3,2,0,5,1
288.15,23,691,18,2,1,3,1
7478.1,5,1668,11,0,0,3,0
441.39,21,697,15,2,1,0,1
9001.47,17,1333,21,1,0,3,1
1771.8,5,91,20,2,0,5,1
614.19,4,96,5,2,0,1,1
2342.01,12,234,24,2,0,5,1
6189.43,18,25,12,3,1,1,1
3952.82,21,831,4,3,1,3,1
4928.38,7,1391,15,3,0,5,1
3225.71,8,172,9,2,1,3,1
3535.66,16,1643,7,1,0,1,0
5675.32,2,1701,10,2,1,3,1
861.72,18,523,29,0,0,4,1
2016.65,10,359,28,1,1,2,1
750.04,23,1942,23,3,1,5,1
13186.68,16,690,13,4,0,4,1
8650.39,20,1497,29,1,0,3,1
120.68,18,1860,8,3,0,3,1
3668.19,1,1870,12,1,0,2,0
7780.75,7,1408,22,1,0,3,1
597.46,18,1125,24,2,1,2,1
2517.61,6,190,19,0,0,5,1
7412.6,16,752,26,4,1,1,1
103.61,5,1334,26,3,0,2,1
3586.23,18,669,1,1,1,2,0
1058.68,23,1825,16,4,1,4,1
7746.75,5,1222,22,1,0,3,1
10627.41,1,1892,17,0,0,5,1
8661.52,5,1895,25,4,1,1,1
1928.58,22,1347,18,3,1,0,1
5942.43,4,502,11,1,0,2,0
5584.28,18,932,18,0,1,0,1
1153.02,19,1955,7,4,1,3,1
5296.79,3,137,18,1,1,2,1
113.13,21,1552,26,1,1,0,1
2721.03,16,1459,8,3,1,4,1
784.13,10,1592,6,0,1,0,0
385.43,3,574,7,2,0,4,1
240.23,12,1220,23,1,0,1,0
3575.03,19,559,22,4,0,3,1
1245.98,16,462,10,3,0,5,1
3870.41,8,480,11,3,1,0,1
202.77,3,997,25,1,0,2,1
1136.28,22,747,13,1,1,3,1
2326.27,13,1598,9,1,1,0,0
4692.29,18,1944,7,2,0,2,0
1151.49,2,233,9,1,0,2,0
2949.63,13,163,13,0,1,5,1
6514.08,7,569,26,4,0,5,1
2870.27,23,360,3,1,0,2,0
795.65,0,1180,3,2,1,5,1
74.11,9,1938,1,4,1,2,1
6122.95,17,1609,21,3,1,0,1
64.5,15,358,20,1,1,1,1
6231.17,7,191,2,4,1,5,1
2258.29,0,646,25,3,1,4,1
8393.98,11,1027,3,2,0,4,1
4810.12,7,188,15,0,0,4,0
18546.58,23,1072,24,1,0,1,1
1295.64,15,781,6,0,1,2,0
4372.58,17,903,13,2,1,2,1
1542.15,3,1036,21,4,0,3,1
1961.06,5,1025,1,4,0,4,1
2962.6,11,73,20,2,0,4,1
6206.74,8,38,19,2,1,2,1
12421.19,14,381,1,1,0,4,1
4386.59,15,1556,28,3,0,2,1
1622.65,23,106,21,0,0,2,0
1641.21,11,1903,22,0,1,5,1
4013.45,23,1475,2,4,0,2,0
818.49,22,1236,15,4,0,0,0
351.2,13,1444,14,1,1,0,0
1313.76,12,1002,19,2,1,0,1
1015.83,1,30,11,0,1,0,1
1054.24,2,1584,15,1,1,1,1
798.18,23,744,6,4,1,3,1
129.01,21,1135,20,4,0,3,1
54.11,9,1079,9,0,0,2,0
13199.93,8,75,5,4,1,4,1
1674.66,19,612,20,4,1,0,1
1455.12,7,1197,2,3,1,3,1
3415.0,9,1144,6,2,1,3,1
738.68,18,347,26,4,0,0,1
8984.87,2,132,18,3,0,1,1
4630.18,23,1738,28,1,1,1,1
280.99,4,456,29,4,1,3,1
1621.69,2,620,23,1,1,1,1
6338.83,15,1324,19,4,1,5,1
8686.68,16,680,9,0,0,0,0
1889.96,14,1445,27,3,1,3,1
2851.18,2,624,21,3,1,0,1
548.29,11,906,24,0,0,1,0
14188.33,8,290,27,2,1,0,1
790.61,20,1076,6,3,0,1,0
8580.03,11,1519,14,1,1,1,0
3146.44,14,605,28,3,1,0,1
2807.47,1,1996,26,2,0,1,1
2156.56,22,712,24,1,1,5,1
786.71,17,1084,29,1,0,2,0
582.68,19,1931,13,0,0,0,0
747.25,11,219,11,4,0,2,0
619.0,22,135,12,0,1,0,0
4536.72,3,501,19,4,1,1,1
1292.93,22,1542,19,0,0,1,0
178.75,15,969,21,4,1,3,1
10431.25,22,979,27,3,1,5,1
6456.96,15,590,26,1,1,3,1
7882.96,0,786,19,4,0,2,1
15840.15,21,267,24,3,0,1,1
573.1,1,1963,26,2,1,3,1
1513.75,2,1221,13,0,0,1,0
4259.41,20,239,28,2,1,0,1
3572.39,19,198,14,3,1,3,1
501.34,16,1448,24,2,1,2,1
5075.74,19,19,18,2,0,3,1
762.51,21,1147,12,3,0,1,0
760.1,20,1109,4,1,1,4,1
2309.92,0,685,10,4,0,4,1
2696.38,19,511,29,0,1,5,1
2603.12,5,94,17,4,0,1,1
287.84,14,58,4,0,0,0,0
6297.97,13,1528,12,4,0,3,1
926.1,19,847,13,2,1,4,1
416.11,14,1017,29,1,1,0,1
6587.87,13,698,27,2,1,1,1
9347.03,20,396,29,1,0,0,0
5944.28,23,979,4,3,1,1,1
4974.56,4,1422,10,0,1,5,1
3194.74,5,1015,25,0,1,3,1
2401.24,16,227,3,3,1,0,1
273.01,10,1734,15,4,0,3,1
1575.04,15,1014,2,3,0,0,0
1398.94,11,1379,25,3,1,1,1
902.32,14,1263,25,1,0,1,0
3855.77,22,264,17,3,0,0,1
2054.8,3,245,6,0,0,5,1
253.56,17,1059,26,2,0,1,1
746.09,20,1617,8,1,0,2,0
3449.01,2,1294,3,1,1,2,1
237.55,21,1799,27,4,0,3,1
5715.6,7,280,25,2,1,2,1
2050.46,22,132,18,1,1,2,1
1965.17,2,665,22,3,1,5,1
2692.46,7,1290,1,1,0,5,0
5223.44,17,1689,29,1,0,4,1
1282.25,9,1454,16,1,0,4,1
3399.76,19,268,7,4,0,5,1
2502.28,16,957,3,1,1,4,1
931.94,7,56,23,1,1,5,1
6326.73,22,872,4,4,1,4,1
4789.95,10,534,9,2,0,1,0
3222.8,4,897,5,0,1,5,1
5703.02,12,217,19,4,1,3,1
6058.86,20,1344,15,4,1,3,1
3696.74,22,756,8,1,0,5,0
5442.26,4,158,6,1,1,2,1
3586.74,23,1867,18,0,1,3,1
3419.62,12,447,19,1,0,2,0
2891.81,5,164,24,3,1,3,1
4191.66,4,1711,15,1,0,0,0
518.08,8,1123,26,1,1,0,1
6382.64,15,1731,7,3,0,5,1
6163.51,1,1863,10,0,0,3,1
89.05,0,367,6,3,0,1,1
5242.94,7,1207,14,4,1,2,1
413.89,18,1250,17,3,1,3,1
1224.44,10,1940,9,2,0,5,1
4081.98,11,465,19,4,0,2,1
525.78,11,785,5,1,0,4,0
5110.7,6,1642,23,4,0,5,1
5353.77,12,638,7,0,0,3,0
2124.59,7,1232,19,0,0,1,0
19.22,21,841,20,3,0,4,1
1014.98,8,495,26,4,0,5,1
2878.59,6,542,7,1,0,3,0
11919.49,20,209,24,0,0,0,1
2997.5,23,380,2,1,0,3,0
902.52,14,1023,25,2,0,0,1
3015.41,1,1992,23,0,1,0,1
2329.49,22,862,16,3,0,5,1
4540.28,19,1481,13,2,1,3,1
339.44,11,257,8,4,1,3,1
4294.23,0,797,6,1,1,0,1
2337.86,22,273,6,0,0,2,0
9889.86,21,1091,9,2,1,4,1
1255.07,7,1335,4,2,0,1,0
3004.09,4,40,27,0,1,3,1
8065.98,14,1531,11,4,0,4,1
324.46,0,1282,5,4,0,4,1
8304.76,0,614,25,3,1,2,1
3493.16,9,1810,17,4,1,4,1
210.74,21,1304,20,3,0,3,1
1074.16,9,1639,7,2,1,5,1
3694.77,20,1699,27,0,0,5,1
209.18,14,1427,15,4,0,4,1
2618.05,16,1830,25,3,0,3,1
1273.41,21,511,15,2,1,3,1
2909.99,5,1625,14,4,0,0,0
140.46,2,1837,13,1,0,2,0
6156.34,12,1117,11,2,0,1,0
10890.58,15,1398,28,4,0,0,1
10409.51,7,895,13,2,1,1,1
4154.71,14,558,26,0,1,3,1
418.08,16,1375,22,0,1,5,1
4259.72,16,848,28,0,1,0,1
74.68,21,1440,24,1,0,4,1
67.12,12,1458,29,0,0,4,1
1172.96,16,1777,9,1,0,1,0
2012.06,5,1126,10,0,0,3,0
4414.35,16,857,4,2,0,5,1
3449.36,15,623,17,4,0,1,1
1771.24,13,421,14,4,1,5,1
959.07,12,441,24,0,0,2,0
17554.59,5,687,18,4,0,5,1
1666.33,2,168,11,0,0,4,1
1801.09,13,23,16,0,1,0,1
536.03,13,382,1,3,0,0,0
4751.45,14,234,29,3,0,0,1
3549.4,7,1538,7,3,0,5,1
748.35,14,1106,28,1,1,4,1
257.92,21,1282,10,3,0,5,1
3422.99,12,520,9,0,0,3,0
3188.39,16,612,27,2,1,4,1
957.56,20,225,28,3,0,4,1
9039.46,23,1635,28,3,1,5,1
491.29,2,1574,25,2,0,5,1
1698.67,5,1980,3,0,1,0,0
8626.71,4,1850,22,1,0,4,1
1632.77,21,1972,23,3,0,0,1
3052.7,16,997,14,2,1,3,1
1520.47,22,1253,26,0,0,2,0
961.51,1,849,25,4,0,0,1
12401.31,14,736,15,1,1,5,1
1579.51,4,1254,2,2,0,1,1
6735.76,19,1422,24,2,1,2,1
783.92,5,563,14,2,0,3,1
718.98,5,1680,16,3,1,5,1
94.89,17,1075,7,4,0,2,0
3163.79,17,685,4,1,0,5,0
1379.1,3,882,18,0,1,0,1
5993.21,16,292,24,0,0,5,1
1922.86,13,1091,27,4,1,3,1
10344.25,13,1847,5,2,1,1,1
615.64,12,843,6,2,1,0,1
6089.06,6,546,27,2,0,0,1
4496.33,11,1106,7,2,0,3,1
4421.08,22,1918,15,2,0,3,1
5588.8,14,932,26,4,1,2,1
4294.18,18,1162,1,3,1,1,1
2952.27,10,1632,24,1,1,5,1
422.08,14,851,4,2,0,2,0
99.2,11,1459,29,3,1,5,1
7609.15,2,957,25,0,0,5,1
2876.42,16,674,1,4,0,5,1
4776.82,2,1727,11,3,0,2,1
1970.58,18,1158,18,2,0,0,1
374.34,19,76,14,2,0,3,1
401.23,3,15,22,2,0,0,1
3470.94,2,646,11,3,0,1,1
1687.97,15,323,10,2,0,2,0
671.4,11,1359,27,3,1,1,1
2029.43,7,574,17,2,0,3,1
199.09,23,1611,4,0,0,3,0
2616.62,16,835,24,0,1,4,1
940.0,6,515,15,1,1,1,0
4791.92,10,1115,26,2,1,0,1
1114.77,17,1632,16,2,1,1,1
1822.12,0,1035,21,3,0,2,1
35.07,2,213,13,3,1,3,1
225.62,3,671,9,2,1,3,1
1495.18,12,814,11,1,1,1,0
1961.43,5,413,11,2,1,1,1
2749.03,13,1136,6,3,0,5,1
1034.5,4,545,1,2,1,1,1
3562.15,15,1401,22,3,1,5,1
5900.96,14,1245,6,2,1,2,1
4540.35,14,586,13,4,1,2,1
121.28,3,1994,22,3,0,0,1
1964.71,7,1242,24,1,1,1,1
332.56,15,772,22,4,1,0,1
831.39,15,1930,5,2,1,4,1
12951.55,3,126,15,3,0,2,1
461.19,12,637,27,4,1,3,1
2072.78,12,758,18,1,1,5,1
2888.23,1,1511,20,3,0,4,1
3636.67,2,114,14,4,1,3,1
2460.55,21,504,15,4,0,4,1
29.46,7,1804,26,4,0,0,1
1185.63,23,55,5,0,1,0,0
2187.64,14,832,26,2,1,5,1
275.91,10,1364,4,3,0,2,0
1295.24,8,1249,2,3,0,5,1
101.3,6,991,7,3,1,3,1
245.51,12,969,10,4,0,4,1
1517.13,1,1525,16,2,0,5,1
427.17,7,1846,10,1,1,1,0
2514.8,6,1955,18,3,0,1,1
3508.38,23,854,17,2,0,2,1
4837.13,11,458,21,2,0,5,1
669.99,18,545,28,0,0,3,1
549.9,6,520,13,3,0,1,0
331.35,9,1491,1,4,0,2,0
3035.35,15,1580,1,2,1,5,1
3677.38,2,1569,15,2,0,2,1
96.29,9,549,1,1,1,3,1
8256.58,5,1517,6,0,1,1,0
160.11,17,25,25,2,1,1,1
2338.05,17,1604,26,2,1,1,1
3703.92,4,252,13,4,1,0,1
6143.11,20,1983,27,4,1,1,1
3756.2,6,1240,28,1,1,4,1
4854.35,1,921,1,1,1,0,1
1244.05,10,1304,5,1,0,5,0
5059.36,12,770,9,4,1,0,1
250.52,22,1812,25,4,1,0,1
6756.15,4,714,17,0,1,0,1
2379.52,5,1880,16,3,0,2,1
5099.69,23,1763,8,3,1,4,1
1806.18,13,124,17,0,0,3,1
3094.92,11,1613,15,3,1,1,1
2242.19,3,1332,24,4,1,0,1
3945.71,22,1870,1,3,0,3,1
255.46,5,1516,12,4,1,2,1
186.75,9,406,5,0,0,3,0
851.48,17,403,24,1,0,0,0
521.43,14,1108,6,0,1,5,1
6162.11,7,987,25,3,1,4,1
742.36,8,1515,1,4,0,3,1
11172.31,4,1136,25,3,0,0,1
1232.47,9,306,1,3,1,0,1
603.11,19,1011,10,1,1,1,0
4677.64,5,187,10,3,1,5,1
3225.05,15,1248,3,1,0,1,0
2068.64,23,976,17,4,1,5,1
2431.49,2,324,19,4,0,4,1
3810.36,9,1072,28,1,1,1,1
778.08,10,268,11,0,0,4,0
16825.89,10,1749,29,4,0,2,1
11041.92,16,16,18,0,1,2,1
3152.26,3,58,2,4,0,5,1
667.72,3,1571,9,4,0,5,1
3420.44,16,170,24,2,0,1,1
224.81,8,1902,17,3,0,2,1
93.4,18,185,28,3,0,3,1
893.94,4,1624,14,0,1,3,1
1863.17,21,1035,4,3,1,3,1
6081.06,23,1010,29,0,0,2,0
3896.71,5,1928,17,4,1,3,1
4072.61,2,464,17,2,0,4,1
1662.73,21,1961,12,2,0,0,0
1273.65,0,1677,28,4,1,5,1
1391.06,19,285,20,1,0,1,0
13182.19,21,507,18,1,0,4,1
122.81,15,1662,3,3,0,3,1
6052.93,22,685,11,0,1,0,0
2593.06,10,1833,25,2,1,1,1
1732.05,12,1061,18,3,0,4,1
3875.76,9,1366,4,4,0,1,0
2000.5,2,1034,17,2,0,5,1
6200.72,8,1221,18,0,0,2,0
6928.89,11,65,5,0,0,3,0
1643.1,22,556,14,1,1,4,1
972.32,13,1145,10,3,1,4,1
2692.04,0,1831,15,4,1,0,1
7303.67,17,1343,1,2,1,0,1
709.68,16,45,16,0,0,0,0
2926.26,8,448,11,2,0,1,0
2995.43,8,1762,23,4,1,3,1
3962.79,22,1625,20,2,1,1,1
423.2,9,1859,6,3,0,3,1
3774.49,18,604,24,1,1,4,1
7191.76,14,1610,29,2,0,1,1
594.19,4,1358,22,1,0,1,1
813.63,14,1673,16,4,0,1,1
10662.53,19,316,2,1,1,2,1
598.93,22,1567,1,2,1,5,1
5780.37,1,1761,24,2,1,3,1
2033.46,12,628,24,0,1,3,1
851.99,23,1142,9,2,1,1,1
6138.02,15,1405,22,1,0,2,0
1768.01,14,366,12,0,1,1,0
2169.69,9,190,17,2,0,3,1
1335.27,13,1389,25,2,0,5,1
2696.46,9,1709,28,4,0,5,1
535.67,13,77,29,0,1,4,1
1488.21,22,301,15,4,1,2,1
10461.47,8,701,19,4,1,5,1
895.76,13,190,27,4,1,2,1
3207.77,2,1499,22,3,1,1,1
1179.97,19,443,10,4,1,4,1
4454.68,15,1497,29,1,1,3,1
420.8,1,1714,26,2,1,5,1
10501.83,9,923,27,3,0,5,1
1814.25,2,1567,12,4,1,0,1
807.76,10,75,14,2,0,3,1
229.01,10,1054,9,0,0,5,0
558.11,20,1645,27,0,0,5,1
2200.5,20,393,13,2,0,3,1
1232.96,21,1845,3,1,1,4,1
5296.23,12,1648,21,2,1,2,1
1691.03,6,1592,29,2,0,3,1
857.91,22,48,14,3,0,2,0
2880.3,16,1318,21,0,0,4,1
3680.47,1,831,10,0,1,4,1
548.32,11,611,16,4,0,1,1
550.4,9,1630,7,2,0,0,0
112.08,17,794,4,2,1,4,1
3999.99,21,1369,27,1,0,4,1
3270.19,10,1221,20,0,1,2,1
1930.96,15,680,23,1,1,4,1
5576.98,16,1276,25,3,0,3,1
4914.59,18,1106,11,4,0,1,0
2640.99,17,488,16,1,0,1,0
6081.03,2,570,20,0,1,3,1
691.42,20,110,4,3,1,5,1
356.08,15,523,22,2,1,4,1
943.1,5,1789,22,3,0,0,1
176.34,11,185,23,1,0,4,1
2272.54,10,247,17,0,0,1,0
8275.14,14,919,13,1,0,0,0
120.42,14,1092,11,2,0,5,1
390.7,15,1898,3,2,0,2,0
1805.53,9,1132,9,0,1,2,0
8148.63,11,1987,6,4,1,4,1
1140.08,12,880,22,3,1,4,1
2123.17,3,1987,21,3,0,0,1
127.39,6,504,11,2,1,0,1
481.71,21,956,16,1,1,5,1
12944.25,1,1547,19,1,1,4,1
10067.41,14,764,27,4,0,1,1
14.86,7,1330,5,1,0,2,0
9097.92,6,220,14,3,1,5,1
3057.63,14,1156,17,1,0,0,0
6073.0,22,1262,3,4,0,1,0
1819.48,13,1627,4,3,0,4,1
2174.51,7,1689,16,1,0,3,1
2013.26,11,1421,16,3,1,0,1
3297.62,12,149,21,2,0,5,1
451.25,10,550,26,2,1,3,1
91.3,16,1424,25,2,1,1,1
1104.2,16,279,4,1,0,2,0
3659.1,23,1792,19,4,0,1,1
676.39,3,1045,26,3,0,2,1
3357.36,20,1900,17,0,1,1,1
10510.89,7,1422,13,2,1,0,1
295.82,4,1370,26,2,1,0,1
3349.74,15,515,22,0,1,5,1
1759.61,3,1139,23,0,1,3,1
6078.09,21,41,26,1,1,1,1
584.94,14,1107,24,3,1,1,1
3539.07,11,1204,28,2,0,3,1
5462.61,4,1882,1,4,1,4,1
8680.3,22,1102,12,1,1,5,1
3448.91,15,822,4,1,1,1,0
2062.54,13,371,11,4,1,5,1
2885.8,9,1682,5,4,0,1,0
6095.5,6,1466,2,4,1,1,1
2536.17,12,938,17,0,1,4,1
92.57,19,109,8,2,0,0,0
8018.72,4,1691,6,0,0,5,1
3508.97,2,18,21,2,1,3,1
3385.79,14,1607,29,0,1,5,1
728.8,3,706,9,3,1,4,1
3226.61,14,1062,13,2,1,2,1
1501.95,13,1926,11,1,1,2,0
3160.05,19,1147,29,2,1,4,1
338.14,18,471,16,2,0,4,1
3217.48,12,930,16,2,0,0,1
22325.17,9,1176,27,3,1,5,1
148.24,20,399,2,0,1,5,1
11339.59,4,641,10,1,1,2,1
1567.22,22,691,12,0,0,3,0
6138.1,19,166,8,0,1,5,1
4575.09,19,344,11,4,0,1,0
2511.17,5,1894,10,3,0,1,0
4023.38,3,269,13,4,1,0,1
6323.91,1,91,25,3,0,0,1
1553.25,21,763,17,0,1,2,1
1188.18,15,1474,7,0,0,3,0
3304.19,17,1978,24,3,1,3,1
4948.37,4,1205,3,0,1,4,1
4310.05,21,1264,20,0,0,0,0
4795.7,3,729,13,1,0,5,1
1715.89,12,84,19,4,0,1,1
5108.51,18,1303,7,4,1,5,1
384.21,22,1932,9,4,0,1,0
2359.01,1,635,19,2,0,2,1
17.33,12,71,13,1,1,1,0
1177.29,10,883,22,4,1,5,1
1369.3,21,329,8,4,0,5,1
1513.4,3,111,22,1,0,3,1
3566.93,21,1462,18,0,0,3,1
1475.81,19,883,29,4,1,0,1
1786.39,19,1755,23,0,1,5,1
813.63,14,963,2,4,0,2,0
1401.63,3,264,18,3,1,1,1
773.48,8,1565,18,2,0,0,1
228.04,6,579,11,4,0,4,1
2774.85,18,121,1,3,1,4,1
3309.78,18,994,14,1,0,1,0
2898.73,5,1346,16,3,0,1,1
1868.03,5,1007,11,1,1,1,0
1433.07,19,470,1,4,0,3,1
5970.64,14,717,7,1,0,1,0
2196.17,14,896,29,3,1,4,1
1957.06,19,1495,16,2,0,1,1
77.93,8,1898,14,0,0,5,0
1252.22,3,1125,15,0,1,2,1
1435.05,17,1085,14,2,1,4,1
1526.6,17,1838,28,0,1,2,1
2603.73,4,529,21,4,0,4,1
2288.15,19,821,11,4,1,0,1
2808.75,22,1131,16,3,0,5,1
4343.02,10,245,19,3,1,4,1
5029.71,4,1934,17,1,0,5,1
3798.85,21,1407,27,3,0,4,1
9338.4,3,1614,26,4,1,2,1
55.2,11,936,6,3,0,2,0
653.64,1,566,11,0,0,4,1
22.77,12,658,17,1,1,4,1
3127.9,9,243,9,1,0,3,0
6849.25,8,1065,18,4,0,5,1
837.09,9,1322,17,3,0,5,1
7853.31,6,1671,12,0,1,5,1
186.48,3,588,23,3,1,5,1
8174.19,18,551,22,2,1,0,1
1299.85,9,123,22,3,1,0,1
320.82,2,213,5,4,1,1,1
1995.85,20,1062,11,3,1,4,1
890.28,18,652,4,1,1,4,1
1005.88,20,483,27,0,1,4,1
1101.43,1,706,4,4,0,4,1
4874.05,19,262,3,2,0,5,1
2324.12,9,1831,26,0,0,5,1
1118.88,1,914,24,0,0,0,1
2827.39,1,1955,23,1,1,2,1
3777.94,23,395,25,1,0,3,1
954.94,16,71,17,1,0,5,1
1601.0,15,524,7,4,0,5,1
389.94,15,439,26,3,0,5,1
599.56,13,589,4,0,0,2,0
3428.8,6,1570,23,3,1,2,1
600.62,20,1724,13,3,1,0,1
2234.35,10,1174,12,1,0,5,0
3703.77,23,752,1,3,0,3,1
339.09,0,1333,21,0,0,4,1
2513.22,10,684,19,0,0,5,1
889.41,22,320,21,2,1,0,1
9884.59,20,480,20,4,0,0,1
1982.31,3,1426,18,3,1,3,1
4919.58,6,1675,11,4,0,1,0
2397.03,14,1478,20,4,1,0,1
133.15,17,1791,3,4,1,2,1
3008.42,11,818,29,4,1,2,1
9072.6,16,181,17,0,0,4,1
2760.99,0,585,12,3,0,0,1
5130.91,10,40,10,2,1,4,1
6467.84,0,56,8,4,0,0,1
776.62,14,139,15,2,0,3,1
714.94,20,361,5,0,1,5,1
2832.38,9,987,4,0,0,0,0
1588.13,6,1878,26,1,1,1,1
5495.14,1,1655,28,4,0,2,1
6908.45,9,1614,21,1,0,3,1
1308.18,23,67,20,2,1,5,1
810.98,3,1139,19,3,1,5,1
4549.56,11,821,21,1,1,2,1
963.95,18,1363,4,0,1,5,1
5188.29,10,777,15,4,0,4,1
1653.58,7,1857,17,2,0,3,1
3303.8,17,692,12,0,0,1,0
301.24,10,1416,3,3,1,2,1
2933.38,10,1195,10,4,0,0,0
1803.17,12,1006,15,3,0,0,0
2650.08,2,295,10,3,0,0,1
551.82,11,1104,24,4,1,3,1
4005.36,2,1800,23,4,1,1,1
5958.88,9,1487,18,3,0,5,1
732.87,16,895,1,2,0,1,0
301.83,21,1600,3,4,1,1,1
71.77,1,1868,21,0,1,2,1
3081.43,16,406,26,1,1,3,1
2802.55,15,1548,27,2,1,0,1
2373.59,1,35,12,4,0,2,1
791.69,21,322,1,4,1,5,1
1487.35,19,135,3,2,0,1,0
2707.73,5,1441,3,1,1,0,0
2060.11,9,1598,5,3,0,3,1
13215.4,9,1231,19,0,0,4,1
440.07,7,820,29,4,1,1,1
3563.75,0,197,25,1,0,1,1
1554.15,12,707,1,0,0,1,0
1676.9,23,1850,4,2,0,1,0
3793.27,8,819,29,4,1,0,1
3537.22,21,725,29,3,1,3,1
14218.16,9,1517,26,2,1,2,1
412.25,14,459,26,4,0,0,1
329.81,4,532,4,1,0,3,1
3865.75,21,1904,17,0,0,2,0
2591.0,15,1387,14,0,0,1,0
961.28,12,995,18,4,1,3,1
248.25,21,667,27,2,0,1,1
268.65,19,606,1,3,0,3,1
6738.36,17,109,22,1,0,5,1
639.09,10,625,16,4,1,4,1
1171.9,8,957,3,1,0,1,0
771.1,15,1591,23,0,1,1,1
1315.5,1,565,21,3,1,1,1
215.85,1,287,9,1,0,5,1
2196.04,11,1726,23,4,0,0,1
210.02,7,1732,4,3,0,2,0
4833.67,8,1659,21,2,0,1,1
798.59,11,500,5,4,1,1,1
2329.66,8,264,11,1,1,0,0
6362.77,9,390,21,3,1,0,1
3157.0,1,901,26,4,1,4,1
2284.01,15,551,9,3,1,3,1
1176.17,19,1297,26,3,1,1,1
1214.9,6,1643,3,3,1,3,1
3321.33,1,834,6,1,1,0,1
15418.49,0,888,24,4,1,0,1
3252.7,18,1362,11,0,1,4,1
2447.87,3,1148,9,0,0,2,0
3935.24,23,1309,29,1,0,5,1
1877.62,21,1521,15,1,0,5,0
186.08,1,290,23,3,1,5,1
2478.64,13,1308,28,4,0,0,1
9483.61,1,782,3,4,1,1,1
578.22,14,852,1,2,1,4,1
3513.6,11,728,20,2,0,2,1
672.93,4,1929,29,0,1,5,1
2302.5,19,337,22,2,0,4,1
305.02,6,220,19,2,1,0,1
1795.53,23,736,14,0,1,5,1
4233.77,20,932,17,0,0,2,0
1281.16,9,561,22,2,0,3,1
3280.08,13,35,14,4,0,2,0
4760.83,13,36,17,2,0,1,1
7859.2,4,711,25,3,0,5,1
802.24,17,1116,27,3,0,5,1
1529.06,23,1929,14,3,1,3,1
496.1,13,1979,12,1,1,3,1
14671.96,1,691,16,3,1,5,1
7851.93,11,422,1,4,1,1,1
2329.31,21,176,13,1,0,3,0
5536.11,23,1733,6,1,1,0,0
2207.9,5,178,17,3,1,5,1
2931.19,3,1834,12,2,0,2,1
280.05,12,238,23,0,1,2,1
4222.8,3,1642,19,2,0,1,1
409.91,21,376,6,2,0,0,0
5247.27,13,537,7,1,0,3,0
4570.17,15,800,1,1,1,5,1
3700.67,3,1680,1,1,0,2,0
110.49,23,1571,29,4,1,2,1
1083.46,0,1897,5,4,1,2,1
915.96,12,533,6,0,1,2,0
1339.5,3,1105,16,1,0,4,1
275.17,19,1678,25,3,0,1,1
8291.85,17,115,16,1,0,3,1
2420.98,5,741,14,4,1,5,1
1093.79,2,1918,1,1,1,5,1
1517.42,22,974,13,4,0,5,1
1778.29,12,1722,20,1,1,3,1
2753.33,15,1315,10,3,0,1,0
2175.02,4,142,24,0,0,0,1
7554.47,3,543,10,3,1,1,1
2061.28,20,984,9,4,1,2,1
14544.79,7,278,13,2,0,2,1
5720.0,18,1445,3,3,1,1,1
701.52,13,682,27,1,0,1,0
8003.4,6,1652,18,0,0,3,1
371.14,13,800,20,1,1,3,1
5102.19,5,1898,2,1,0,4,0
1437.12,11,1780,17,3,1,5,1
6310.57,15,27,28,0,0,4,1
6076.15,16,1787,19,2,1,5,1
4918.54,12,126,23,1,1,2,1
4682.38,22,807,13,0,0,4,0
1090.15,13,1827,13,2,1,4,1
253.14,6,1177,1,1,1,0,0
1547.41,13,1750,2,0,0,1,0
571.76,14,560,1,3,1,3,1
3561.85,11,938,24,1,0,4,1
1274.4,16,1699,5,1,1,3,1
11140.77,8,1721,24,0,0,5,1
3073.07,21,1994,3,1,0,4,0
5186.03,14,762,29,2,0,5,1
426.5,11,431,28,1,0,4,1
5941.82,1,1931,7,4,1,2,1
7682.4,4,1402,24,2,0,0,1
2002.8,12,655,22,0,1,5,1
2796.14,19,567,13,2,0,1,0
4342.08,22,59,29,4,1,1,1
576.53,7,687,23,4,0,2,1
2094.88,13,115,28,1,1,2,1
1525.8,14,1249,18,1,1,1,1
474.79,10,667,24,3,0,5,1
1374.39,0,1956,21,2,0,1,1
211.82,20,1458,7,3,0,0,0
78.45,2,1105,1,4,1,4,1
435.65,16,997,5,1,1,0,0
9899.86,18,851,17,1,1,1,1
2392.39,13,1818,28,1,1,4,1
10128.53,21,1792,29,0,0,1,1
1699.53,22,455,8,4,0,0,0
1121.1,7,1958,15,1,0,0,0
2116.52,12,1219,20,4,0,5,1
1736.84,19,79,4,1,1,5,1
335.02,2,159,2,2,1,0,1
3071.85,4,1279,5,4,0,4,1
730.18,8,783,1,3,1,5,1
2899.5,5,1571,25,0,0,5,1
3151.19,21,1968,5,3,1,3,1
494.71,1,1685,6,4,1,3,1
189.94,12,1132,2,1,1,5,1
4552.79,4,1943,26,4,1,1,1
1847.45,7,1311,26,0,1,4,1
179.77,22,1596,1,4,1,2,1
15815.8,0,1696,4,1,0,5,1
178.55,19,953,7,3,1,3,1
3562.68,11,464,22,2,0,4,1
12345.89,22,1137,26,3,0,4,1
820.08,10,955,1,1,0,3,0
460.33,6,610,1,1,0,4,0
388.23,14,662,8,0,0,4,0
1084.09,21,734,20,4,0,3,1
319.57,23,242,16,4,1,0,1
3534.54,10,1427,21,3,1,5,1
192.95,21,1534,13,2,1,1,1
2136.51,15,1728,23,2,0,2,1
17138.64,2,260,24,0,0,1,1
5045.55,19,1554,26,1,0,0,0
2865.25,13,88,23,0,1,0,1
1096.95,2,1085,18,4,1,4,1
2933.67,0,907,20,1,1,1,1
2246.24,20,930,10,0,0,0,0
1665.81,14,790,12,3,0,1,0
420.24,0,235,1,4,0,0,1
6530.61,16,1084,10,2,1,2,1
1792.34,1,1219,9,0,0,0,0
649.33,19,1067,3,4,0,1,0
1375.46,5,812,28,4,0,4,1
1603.97,7,751,19,2,0,1,1
5272.73,15,140,26,2,1,3,1
3968.43,18,1032,9,2,1,1,1
4399.97,0,641,10,0,0,2,0
33.28,2,1476,19,2,0,5,1
1614.35,2,847,16,3,1,2,1
1969.54,4,768,24,4,1,2,1
58.14,11,1465,18,2,0,0,1
902.56,11,713,14,4,1,2,1
4284.97,19,506,29,1,1,1,1
442.4,12,1436,3,1,0,5,0
2299.16,19,332,2,2,1,4,1
726.99,8,1243,1,4,1,2,1
36.58,6,624,18,1,1,1,1
828.06,3,338,24,2,1,0,1
11173.37,18,1405,9,4,0,0,1
4851.46,21,1493,13,2,1,4,1
9625.04,18,142,2,4,1,4,1
2007.44,5,844,7,1,0,1,0
348.71,12,660,16,2,1,4,1
2381.95,10,130,21,1,0,4,1
1817.48,12,615,19,2,0,0,1
5580.57,12,1485,25,0,1,1,1
309.7,21,974,15,1,1,5,1
2009.71,19,138,22,1,1,4,1
487.73,14,1124,11,3,1,1,1
1177.69,20,1637,1,1,1,2,0
4010.88,12,1608,21,4,0,0,1
1938.89,21,38,7,2,1,5,1
1414.28,10,731,20,0,0,0,0
1504.98,18,1557,8,4,1,0,1
1845.49,7,342,10,4,0,3,1
4611.58,19,1330,5,4,1,1,1
6679.23,7,1163,9,4,1,2,1
9325.67,9,1326,25,0,1,4,1
4638.03,15,1206,25,3,1,2,1
1136.79,18,1753,1,1,1,1,0
3495.55,22,953,2,4,0,0,0
1726.64,10,1057,19,1,1,3,1
881.79,12,1132,14,1,1,1,0
5514.13,8,1439,20,4,1,5,1
117.55,19,365,10,3,0,5,1
6961.09,23,148,9,1,1,1,0
1856.78,18,1536,10,2,0,4,1
3041.72,15,1859,29,1,1,2,1
3230.73,6,1207,6,4,0,2,0
6764.75,18,38,17,0,1,4,1
3037.33,11,940,28,1,1,3,1
2855.24,14,505,25,3,0,0,1
206.93,22,1023,6,2,1,0,1
2191.97,13,664,4,2,0,5,1
488.15,10,837,20,0,1,3,1
4011.76,9,360,3,0,1,4,1
2153.68,10,563,23,1,0,1,0
3420.44,5,308,19,4,1,2,1
127.7,1,1753,18,3,0,1,1
265.81,10,1875,26,2,0,2,1
3779.76,18,1978,24,0,1,1,1
224.44,5,1225,4,3,1,4,1
221.77,13,1705,8,4,1,4,1
36.55,19,73,17,2,0,3,1
9405.08,5,764,5,2,0,1,0
4012.61,16,779,13,4,1,1,1
1307.39,9,1697,25,2,0,3,1
1055.21,0,1248,1,4,0,3,1
1290.98,2,843,27,2,0,4,1
4470.35,7,175,13,1,0,4,0
3248.55,7,1576,4,4,1,5,1
614.42,19,1916,22,3,1,1,1
573.88,21,1265,26,1,1,4,1
310.74,14,1827,24,3,0,4,1
3239.1,23,1574,14,2,0,1,0
4336.51,6,1228,3,3,0,3,1
923.84,10,515,5,1,0,1,0
63.5,6,1367,7,4,1,0,1
257.23,3,1801,1,0,0,1,0
10312.97,11,802,23,3,0,0,1
1050.57,5,1337,29,0,1,1,1
4398.91,13,842,12,3,1,0,1
2939.8,11,1470,11,3,1,0,1
1443.51,10,1356,24,4,0,1,1
690.83,18,1535,8,2,0,5,1
388.23,20,867,25,1,0,4,1
2863.64,4,1947,6,1,0,2,0
4470.09,13,1426,28,1,0,4,1
3097.67,20,815,22,2,0,0,1
2267.0,23,1632,2,0,1,1,0
128.57,15,1182,19,1,0,1,0
10372.23,12,770,20,0,1,1,1
4809.09,21,842,20,2,1,1,1
1039.42,21,1438,24,2,1,5,1
11731.62,19,292,14,4,0,2,1
2763.02,21,1395,1,1,0,3,0
2619.86,3,388,10,4,1,0,1
4135.85,10,207,16,1,0,2,0
5010.27,16,1024,4,2,0,4,1
3205.52,6,1033,27,2,1,3,1
411.23,13,565,28,3,0,3,1
1238.68,10,365,29,3,0,1,1
7896.75,21,1573,11,2,0,2,0
763.19,8,1462,16,2,0,4,1
1396.44,22,1050,27,0,1,1,1
1697.31,12,648,20,0,1,1,1
1736.27,22,388,1,4,0,5,1
2847.52,17,689,16,3,0,0,1
8598.11,10,515,19,3,0,3,1
826.05,14,1789,21,2,1,4,1
388.62,21,908,22,2,0,3,1
659.96,18,85,9,4,0,2,0
6539.11,0,240,9,3,1,0,1
3113.77,3,1749,9,0,0,1,0
1010.23,13,971,27,1,1,0,1
5077.59,13,1281,17,4,0,1,1
5927.84,2,311,12,1,1,0,1
5622.44,16,735,25,0,0,1,0
7537.2,2,224,13,0,0,3,1
872.02,15,1191,8,1,1,3,1
4220.0,13,78,16,4,1,3,1
1851.56,19,402,18,1,1,3,1
5535.45,12,1118,29,4,1,0,1
3911.28,14,276,27,4,1,1,1
4494.33,13,1102,1,2,0,3,1
3202.75,23,620,1,3,1,0,1
585.96,18,1380,12,3,1,1,1
2362.55,5,1018,6,0,1,0,0
12533.78,9,971,9,2,1,5,1
8312.4,14,737,23,3,0,3,1
132.4,20,1960,5,4,0,2,0
540.31,21,682,27,4,0,0,1
423.75,19,432,16,1,0,3,1
3883.66,5,1639,18,1,0,4,1
5107.71,22,1207,17,4,1,1,1
720.53,9,1710,18,4,0,5,1
2114.76,6,124,1,1,0,3,0
5510.96,21,229,19,3,1,4,1
3959.29,16,1989,22,0,1,0,1
2344.21,17,40,29,1,0,0,0
2677.34,16,1556,8,3,0,4,1
2130.03,8,1376,3,3,1,5,1
1059.54,9,1410,26,3,0,4,1
2497.38,9,1163,25,2,1,1,1
3502.78,6,626,26,2,1,0,1
6198.34,15,548,5,3,0,4,1
3034.21,17,748,23,4,0,2,1
4295.4,5,1035,8,2,0,2,0
523.32,19,880,19,1,1,4,1
1857.22,0,110,18,2,1,1,1
28.13,0,1566,18,4,0,0,1
849.79,11,1091,21,0,0,2,0
3888.94,20,1422,1,2,0,4,1
14414.51,1,701,15,3,1,4,1
313.34,3,950,18,3,1,3,1
1539.96,16,350,29,3,1,4,1
4829.38,3,870,25,0,0,1,1
684.6,10,1053,7,4,1,2,1
2429.62,21,1288,16,1,1,3,1
3962.32,3,1350,16,4,0,2,1
2871.22,0,47,15,0,1,2,1
624.86,6,669,6,3,0,1,0
1317.3,17,1570,9,4,1,4,1
4594.54,8,1419,7,1,0,1,0
2423.83,2,1666,14,3,0,4,1
15.73,7,937,11,1,1,3,1
4293.76,23,1059,21,2,0,1,1
107.85,18,463,16,1,1,1,1
4108.12,3,1714,25,3,0,5,1
678.75,17,1356,6,2,0,0,0
9515.51,19,746,22,3,0,1,1
1376.32,10,1546,27,3,1,5,1
1187.73,13,828,16,2,0,0,1
483.63,17,782,20,1,0,4,1
1094.14,15,22,29,0,1,4,1
6278.21,2,924,16,0,0,4,1
16826.24,14,1941,12,0,0,5,1
1378.07,3,1593,17,0,0,5,1
1785.94,4,930,5,4,0,0,1
3841.17,16,834,27,0,1,4,1
6519.83,6,380,25,2,0,2,1
2697.15,15,1324,13,0,0,1,0
1490.4,13,341,8,3,1,5,1
1596.26,15,1639,24,0,0,5,1
3568.42,6,270,5,1,0,5,0
9.67,8,1823,12,2,1,0,1
2899.51,3,1904,9,2,1,4,1
1317.81,21,1238,3,4,1,2,1
4742.51,10,706,3,3,1,1,1
292.81,1,696,1,2,0,1,1
2661.67,11,959,25,1,1,4,1
1967.4,11,396,22,0,0,2,0
3084.4,3,1925,18,2,1,0,1
201.16,17,830,24,1,0,5,1
2602.39,20,477,12,0,1,5,1
2473.08,6,1448,9,4,1,4,1
2467.45,0,78,9,2,0,1,1
2775.14,22,1505,18,2,1,5,1
3385.37,12,1137,18,1,1,1,1
4904.1,5,1791,29,3,1,1,1
943.4,5,1194,7,4,0,4,1
5229.76,11,209,27,3,1,3,1
2068.99,7,225,4,2,1,3,1
240.57,23,1979,13,3,0,3,1
181.01,21,221,17,0,0,2,0
1220.47,18,517,24,4,1,4,1
4609.91,4,25,2,3,0,1,1
3689.73,17,1531,14,0,0,5,0
4662.22,4,893,3,1,0,2,0
2184.89,9,341,5,3,1,3,1
1740.52,0,726,14,4,1,0,1
478.58,9,1910,3,0,0,2,0
1193.35,4,560,23,3,1,2,1
1707.59,11,1634,7,1,0,4,0
278.32,21,951,18,3,1,5,1
747.74,6,265,13,0,0,2,0
2735.59,8,1001,29,3,1,5,1
3991.59,21,1799,23,4,0,4,1
19216.42,20,737,27,2,1,0,1
8114.27,11,889,22,0,1,1,1
3086.41,22,824,10,0,0,1,0
1640.64,0,1205,25,0,1,3,1
3033.27,10,658,13,0,1,3,1
4620.46,20,1009,16,3,1,0,1
377.83,14,1531,9,4,1,1,1
1582.41,1,480,2,1,1,3,1
5494.04,19,1417,23,4,1,5,1
1452.71,6,699,5,0,1,2,0
2545.0,20,1622,29,3,1,4,1
2658.52,11,709,22,3,0,3,1
611.77,21,516,17,0,1,0,1
1349.36,17,1001,23,3,0,1,1
1221.7,2,1019,22,0,1,0,1
79.64,6,1560,4,4,0,4,1
73.47,10,813,17,2,1,4,1
5345.97,17,840,9,3,0,0,0
956.78,11,1358,20,0,0,3,1
2189.92,5,223,2,0,1,3,1
1064.57,4,1241,24,3,0,1,1
8474.39,0,178,18,1,1,5,1
900.47,11,1363,21,0,1,1,1
1684.55,10,1313,27,3,0,2,1
6184.34,3,987,22,0,1,5,1
5534.22,17,1338,11,1,0,2,0
617.76,3,155,13,2,0,1,1
4868.23,16,1808,8,1,1,5,1
1838.5,1,525,27,4,1,5,1
1978.96,23,1123,1,3,1,2,1
429.81,21,462,17,1,1,0,1
252.11,1,69,12,2,1,3,1
3905.19,11,1344,4,0,0,5,0
2058.28,5,537,21,3,0,5,1
1722.63,9,1260,13,1,1,2,0
3922.54,22,1033,29,2,1,5,1
4351.06,20,483,9,1,1,2,0
519.16,22,1574,27,4,0,0,1
2826.56,15,1696,7,3,0,5,1
436.31,13,766,23,0,0,4,1
4175.43,6,791,24,2,1,1,1
3209.68,18,1112,5,1,1,0,0
9412.9,22,442,5,3,0,4,1
214.35,16,1834,17,1,1,0,1
176.24,8,1186,9,3,1,3,1
994.64,12,1822,6,4,0,0,0
910.24,21,410,25,1,0,0,0
850.99,4,1312,19,4,1,3,1
7101.52,22,66,16,2,0,5,1
861.23,4,1012,21,4,1,1,1
952.16,9,195,2,3,0,4,1
4273.84,20,407,10,2,0,2,0
1792.09,9,614,16,1,1,1,1
4497.86,6,797,5,1,1,0,0
202.8,14,167,15,3,0,2,0
2005.78,6,1820,13,0,1,3,1
102.57,14,1726,13,0,0,1,0
194.11,2,1392,13,1,1,5,1
7107.38,18,1473,15,3,0,4,1
449.84,9,598,14,0,0,1,0
2280.56,14,475,8,4,0,1,0
1588.47,2,1696,11,1,1,5,1
1280.11,5,455,18,4,0,2,1
6902.76,11,1783,24,3,0,3,1
66.2,14,810,4,4,0,5,1
3270.06,5,1776,26,0,0,3,1
9922.66,12,1521,10,0,1,5,1
2464.09,18,1563,1,2,1,1,1
8285.42,2,1106,29,1,0,3,1
161.02,7,938,5,3,0,2,0
1627.95,7,1961,13,1,1,2,0
903.96,22,1734,1,4,0,4,1
3937.14,19,1983,23,3,1,3,1
11937.23,14,26,8,3,0,4,1
889.28,3,1564,3,0,1,5,1
3185.46,18,740,3,4,0,0,0
662.31,20,335,7,0,1,2,0
2499.51,2,1004,4,0,1,1,1
1870.49,12,1665,3,2,1,2,1
10727.22,7,622,15,0,0,0,0
2813.52,22,555,8,1,1,1,0
1290.07,15,605,3,3,1,3,1
363.44,12,930,29,0,0,3,1
491.96,2,1741,7,1,0,2,0
765.9,15,851,18,4,0,1,1
866.92,8,1235,11,3,0,5,1
5703.71,13,353,11,4,1,1,1
2471.29,12,1886,17,1,0,4,1
2223.18,20,1556,28,4,0,0,1
365.72,6,868,6,4,0,3,1
5901.33,14,1433,8,4,0,2,0
3849.2,6,1251,1,0,0,1,0
210.2,5,454,29,0,0,3,1
3691.31,1,1798,10,0,0,2,0
2352.75,8,231,28,3,1,3,1
255.78,21,1416,25,1,1,2,1
1839.13,23,1914,19,0,1,3,1
1989.0,16,601,3,4,1,5,1
543.75,4,1040,4,4,1,4,1
8739.59,11,1305,11,4,0,0,0
5690.87,0,1772,15,4,0,3,1
3317.11,9,1027,1,2,0,0,0
1861.34,10,25,9,3,0,3,1
1591.89,15,1457,11,1,1,1,0
3157.82,13,533,19,1,1,4,1
2365.22,7,812,13,0,0,5,0
192.89,23,1786,26,2,0,4,1
2155.41,16,30,16,1,1,0,1
4925.94,17,1723,4,3,1,1,1
1844.34,11,1972,1,4,1,2,1
160.06,16,237,20,0,0,4,1
4629.24,13,1017,13,3,0,5,1
674.55,15,1818,1,1,1,1,0
897.73,13,1321,5,2,1,1,1
539.92,8,818,5,0,0,0,0
1202.4,3,1167,14,1,0,5,1
4241.02,22,1316,27,0,0,1,0
2198.07,10,413,23,1,0,1,0
687.79,5,1698,14,4,1,2,1
6307.03,14,1099,8,2,1,0,1
6350.36,4,1682,4,4,1,0,1
6134.04,10,1637,7,1,0,5,0
818.56,17,446,20,3,0,1,1
1800.28,12,838,19,4,0,2,1
12597.05,10,943,15,3,1,3,1
4435.39,13,268,22,1,1,4,1
82.63,17,1999,4,2,1,0,1
202.28,18,112,19,3,0,2,1
1870.48,23,1002,9,1,0,5,0
7197.96,14,1600,21,3,1,2,1
2321.13,8,778,13,4,0,1,0
2066.35,7,1134,14,1,1,4,1
334.38,19,1231,23,4,1,0,1
3208.15,0,822,28,0,1,3,1
5179.65,3,235,14,1,1,1,1
1436.14,13,952,22,3,0,0,1
4483.13,1,472,10,0,0,5,1
10012.7,15,246,16,4,0,0,1
683.59,2,1059,5,4,0,2,1
2222.79,7,1154,23,3,0,4,1
1015.4,5,1943,27,0,0,3,1
4723.0,15,515,6,2,1,4,1
2585.36,23,1215,26,3,0,2,1
3020.14,15,1744,2,4,0,3,1
4797.19,6,823,13,1,0,3,0
1512.4,12,776,29,0,1,1,1
7398.49,12,643,13,2,0,3,1
2284.46,4,1576,19,1,1,0,1
515.76,19,1348,18,0,0,4,1
3571.19,21,1000,28,3,0,5,1
4728.9,17,1830,19,3,0,5,1
1142.73,14,627,1,0,1,4,1
5838.49,17,1769,8,2,1,1,1
7097.96,1,282,22,0,0,3,1
972.64,9,1943,16,1,0,2,0
12317.09,22,241,29,1,0,0,1
454.95,12,1453,2,3,1,1,1
677.0,17,777,8,0,1,3,1
610.85,14,1475,6,3,0,5,1
6732.66,11,505,16,2,1,2,1
3186.49,14,1057,23,1,1,3,1
494.99,12,1142,11,4,1,1,1
1741.19,17,1736,17,4,1,2,1
2865.86,14,511,23,0,0,2,0
261.46,22,1892,19,0,0,2,0
6421.82,10,34,11,4,1,2,1
4882.86,18,1220,28,0,1,3,1
2110.85,2,297,8,1,1,2,1
10245.28,6,1661,22,2,0,3,1
1622.62,20,347,4,2,0,2,0
12426.26,13,1911,11,3,1,2,1
3307.14,13,1947,8,1,1,1,0
3020.87,21,1070,9,0,1,3,1
544.4,12,1827,26,0,1,5,1
6409.38,11,146,2,3,0,3,1
1673.17,23,517,16,3,0,4,1
531.05,8,236,6,0,0,5,0
38.06,0,329,21,0,0,1,1
2461.28,18,1873,21,1,0,3,1
2248.52,10,925,26,3,0,1,1
3811.98,22,1215,27,1,1,5,1
6628.87,21,1907,19,0,1,1,1
248.21,22,95,28,4,0,1,1
3944.67,23,1500,8,4,0,0,0
622.59,21,935,14,0,0,3,0
5859.53,18,62,24,3,1,1,1
5128.83,17,869,16,4,1,0,1
2334.77,11,876,12,3,1,0,1
3716.14,22,1268,5,4,1,2,1
1132.16,0,1992,24,3,0,2,1
1911.25,18,1812,26,4,1,5,1
5171.8,19,1832,24,3,0,3,1
1844.48,16,442,19,1,1,2,1
1328.56,4,1529,18,3,1,5,1
2044.92,2,1008,9,1,1,3,1
5285.13,1,109,2,1,1,5,1
1224.84,2,999,25,0,0,0,1
572.62,7,608,20,1,0,0,0
3734.53,15,412,12,2,0,3,1
5245.72,5,405,29,1,0,5,1
318.21,12,1560,2,3,0,5,1
822.81,22,424,10,1,0,2,0
459.36,21,948,1,3,0,2,0
1282.86,21,1646,4,3,1,3,1
1795.43,15,686,25,2,0,4,1
4144.83,15,472,12,1,1,2,0
3159.32,2,550,9,1,0,1,0
2910.09,12,1659,4,4,1,2,1
1303.33,13,1652,9,4,0,4,1
5525.01,7,1955,28,0,1,5,1
1911.93,11,1397,6,3,0,0,0
11604.73,22,1163,1,2,0,0,1
3016.53,22,93,10,4,0,5,1
404.93,21,280,29,1,0,0,0
3382.68,20,253,14,0,1,2,0
1179.59,7,397,22,2,0,0,1
3478.21,20,223,25,1,0,4,1
216.55,8,827,29,1,1,4,1
576.68,0,1199,18,3,0,2,1
5808.36,5,1824,6,3,1,5,1
773.13,22,68,18,4,1,1,1
5442.77,18,1635,20,4,0,2,1
982.5,22,892,16,1,0,0,0
3089.07,10,852,15,1,1,2,0
3553.99,10,933,16,4,0,4,1
2156.35,22,1537,8,4,1,2,1
1092.87,12,1739,13,1,0,2,0
717.23,10,132,23,2,0,1,1
101.26,17,1681,11,1,1,4,1
1086.99,22,1446,28,2,0,3,1
3176.7,14,1172,29,2,0,3,1
8356.65,0,1262,25,1,0,4,1
6148.59,20,1307,7,0,1,3,1
4358.13,6,448,17,4,0,0,1
4659.84,22,1031,18,3,1,3,1
3280.74,12,571,22,1,0,0,0
904.48,11,1943,23,2,1,4,1
7131.77,17,127,19,1,0,3,1
3332.65,23,1747,25,4,0,3,1
2465.95,18,914,13,2,1,5,1
352.94,14,1516,15,3,0,0,0
1777.49,7,404,23,3,1,0,1
1850.55,18,1736,22,3,0,2,1
5997.76,9,885,29,0,1,1,1
2373.26,6,1493,22,2,0,3,1
1436.05,17,1868,1,2,1,5,1
11290.85,15,1726,29,0,0,1,1
352.03,19,944,16,2,1,5,1
1647.39,5,1111,5,0,1,1,0
128.8,8,961,26,1,0,3,1
4040.11,20,1445,3,4,1,5,1
7505.91,12,84,23,3,1,0,1
985.67,20,304,10,0,0,2,0
5863.01,7,1826,19,0,0,5,1
1036.86,15,30,5,0,0,4,0
7249.62,12,1939,7,1,0,3,0
4206.81,12,1204,14,0,0,3,0
4902.83,16,1048,3,4,0,4,1
54.51,22,1244,13,4,1,1,1
9875.17,19,569,13,3,1,2,1
3891.24,4,1119,10,1,1,1,1
1090.46,21,1182,2,4,0,4,1
5305.21,20,1733,6,2,0,4,1
991.86,16,381,8,2,1,2,1
6184.9,8,1513,4,2,1,4,1
358.31,1,827,25,0,0,4,1
3649.01,17,1184,12,0,1,5,1
2334.15,8,1174,28,2,0,2,1
304.55,5,1102,15,3,0,3,1
830.8,10,1293,8,3,1,1,1
37.44,5,855,7,0,0,3,0
1897.67,5,530,14,2,0,3,1
1075.45,12,1666,23,3,0,5,1
2736.58,10,380,19,0,0,1,0
1058.21,13,1452,14,2,1,3,1
1069.68,1,110,22,1,0,2,1
4078.29,7,670,13,2,0,1,0
148.02,2,1987,29,2,1,0,1
6995.89,22,1691,21,4,0,5,1
5736.98,20,1898,1,4,0,3,1
3306.1,2,977,27,1,1,4,1
2698.46,0,252,19,1,1,1,1
6685.29,23,762,29,2,0,0,1
614.92,18,521,28,3,0,4,1
246.79,17,858,1,1,1,0,0
821.38,16,564,4,2,0,3,1
4748.07,19,1128,10,0,0,4,0
105.86,23,235,3,4,0,3,1
2622.62,12,1551,27,3,1,4,1
16169.66,2,223,20,2,0,1,1
5807.5,0,727,9,0,1,2,1
2210.96,3,76,3,4,1,2,1
197.27,12,405,28,0,1,0,1
5340.21,16,621,6,2,1,5,1
2741.22,10,1045,6,1,0,4,0
366.28,1,1270,23,4,1,3,1
295.68,15,1867,25,0,0,5,1
7211.42,1,779,12,1,1,1,1
3318.73,18,1432,23,3,1,1,1
5303.31,22,416,1,2,0,1,0
6335.37,18,934,16,2,1,2,1
2544.3,15,1882,24,4,1,3,1
2185.99,21,1513,5,0,0,1,0
1688.61,18,656,9,3,1,1,1
1143.55,8,231,10,4,1,0,1
1710.64,0,1189,13,4,1,4,1
4460.06,9,663,15,0,0,4,0
2763.33,18,437,12,3,1,4,1
6691.44,0,1191,5,0,0,5,1
1757.62,1,986,5,2,0,0,1
2802.52,15,1449,28,1,0,2,0
2993.38,11,1015,28,2,1,5,1
2687.24,7,1359,18,2,1,0,1
3638.37,22,380,12,4,1,1,1
813.2,17,1377,27,2,1,3,1
2154.56,1,1295,3,3,0,5,1
330.2,12,1316,26,2,0,5,1
1456.02,5,859,25,3,1,1,1
2006.34,20,865,7,0,1,1,0
3168.59,5,238,17,4,0,3,1
9019.23,8,1921,19,3,1,4,1
2753.76,15,289,28,2,1,5,1
4082.98,10,1903,18,4,1,0,1
2117.28,6,1323,1,4,1,2,1
3016.22,9,1713,25,3,1,1,1
220.72,9,1080,24,3,1,1,1
880.66,19,984,5,1,0,2,0
1347.56,17,1748,27,1,0,0,0
1918.78,23,1247,28,4,0,1,1
140.17,19,767,2,1,0,2,0
452.55,8,1057,1,2,1,1,1
972.27,14,330,7,0,1,4,1
10677.0,3,283,29,4,0,4,1
1207.47,7,565,11,0,0,1,0
1973.58,8,853,11,1,0,1,0
654.83,12,1346,18,3,0,4,1
2830.83,8,1396,17,4,0,1,1
988.36,3,677,2,1,1,0,1
695.77,16,1009,7,2,1,0,1
2180.56,15,389,7,4,0,3,1
16.56,14,720,10,4,0,0,0
23.08,2,1952,22,3,1,5,1
741.8,19,1707,21,4,1,5,1
112.24,4,1940,3,3,1,5,1
342.95,22,1503,12,1,0,1,0
1241.37,4,755,3,2,1,1,1
4867.35,19,684,11,2,0,2,0
2546.24,14,125,29,4,0,5,1
2156.43,17,614,12,4,1,5,1
1042.25,14,1075,25,1,1,0,1
8053.9,1,1829,4,3,1,4,1
1517.59,12,388,25,2,0,4,1
273.36,3,1755,16,3,1,3,1
2879.68,9,1239,20,1,1,2,1
362.57,12,475,18,2,0,4,1
1270.38,9,1765,4,2,1,3,1
2124.25,8,289,22,0,1,0,1
6219.72,7,1681,6,1,0,2,0
2040.97,2,627,21,1,0,2,1
3634.59,15,127,15,0,0,5,0
14808.05,13,1270,1,3,0,1,1
422.93,8,318,3,0,0,5,0
963.64,20,1489,5,1,1,0,0
1505.48,10,1933,22,3,1,5,1
1643.65,2,1508,17,2,0,2,1
1588.09,4,109,14,0,1,5,1
7145.24,9,270,9,3,1,3,1
3755.63,12,1002,3,3,0,5,1
2808.76,3,1338,26,3,0,4,1
1110.46,23,1387,13,0,0,0,0
5208.24,12,295,3,2,1,0,1
9307.32,11,337,11,3,0,2,0
5164.43,4,1136,2,0,1,5,1
4.7,9,72,24,1,1,2,1
3035.11,23,696,15,0,1,2,0
157.47,8,1315,13,0,1,3,1
893.63,19,1474,19,0,0,1,0
184.11,6,1326,22,3,1,2,1
2777.47,1,747,16,0,0,1,1
3480.73,21,1040,18,1,1,1,1
364.77,23,648,7,3,0,0,0
1452.74,22,945,13,1,0,4,0
1827.72,6,1125,4,4,0,4,1
1381.6,7,1968,9,0,1,5,1
387.0,6,1223,10,3,1,3,1
1628.74,20,1904,9,3,1,3,1
4173.05,22,485,7,0,0,4,0
220.96,13,1544,15,2,1,5,1
250.73,18,1495,28,2,1,4,1
1314.45,4,62,8,1,1,5,1
8527.78,22,763,19,0,0,5,1
3313.04,17,495,11,0,1,5,1
3405.86,19,1677,5,4,1,5,1
1347.87,11,1523,2,2,0,0,0
2701.7,22,1397,10,2,0,0,0
30.55,16,1145,16,0,0,4,1
3032.6,12,418,23,1,0,5,1
7335.45,1,1040,13,0,0,2,0
2844.69,12,1775,8,1,0,5,0
6207.25,6,677,9,2,1,2,1
3861.77,9,1230,11,4,1,0,1
385.4,22,844,11,3,0,5,1
6982.27,5,885,23,2,1,1,1
206.26,2,1768,26,1,0,4,1
2290.5,2,376,16,0,1,5,1
459.93,17,1011,10,2,0,3,1
35.33,10,259,29,4,0,2,1
1644.72,21,1949,24,1,1,5,1
1048.85,19,1628,12,0,1,1,0
1996.6,4,1273,25,3,1,2,1
2582.57,18,389,6,1,1,1,0
134.17,21,1940,28,0,1,4,1
393.76,18,881,12,3,1,4,1
2453.7,14,844,10,0,1,4,1
1260.98,15,1504,18,3,1,0,1
3918.83,23,784,18,3,0,1,1
3169.17,8,928,4,3,1,5,1
5604.71,3,1734,9,0,1,3,1
3537.77,14,464,7,3,0,3,1
1685.99,11,375,18,1,0,4,1
3353.08,22,1323,8,4,0,3,1
966.33,2,1907,11,4,0,2,1
1097.21,22,412,7,3,1,1,1
4667.48,13,67,9,4,1,1,1
1774.04,16,530,8,4,0,1,0
4804.12,18,1337,3,3,0,2,0
5185.04,5,1148,17,3,1,5,1
5846.55,3,219,2,1,1,0,1
7453.59,6,1074,15,2,1,2,1
1691.55,18,825,14,0,1,1,0
1151.99,16,182,29,3,0,1,1
2618.25,15,243,18,3,1,1,1
1391.69,14,802,16,4,0,5,1
2756.94,21,1917,20,1,0,3,1
3668.3,7,1623,22,4,0,0,1
3498.15,18,1653,4,3,1,2,1
1407.87,7,802,25,3,0,1,1
547.66,17,1436,20,4,1,4,1
1689.14,15,1072,6,3,0,0,0
461.53,19,128,6,2,1,4,1
6624.47,18,344,26,0,0,0,0
1273.38,9,1369,11,0,0,1,0
503.34,16,1572,26,0,1,0,1
77.33,12,1649,17,2,1,0,1
3113.87,12,1107,24,3,0,1,1
3039.25,6,1224,28,4,0,5,1
1249.29,9,333,3,1,1,4,1
223.24,1,1020,13,3,0,5,1
1581.01,3,1180,22,2,1,4,1
1118.49,5,1800,3,2,1,3,1
3391.43,23,293,16,0,0,4,1
2792.53,17,222,15,3,1,4,1
1360.47,22,1668,11,0,0,0,0
737.29,5,1751,18,1,1,3,1
13277.55,22,938,15,0,1,1,1
1815.42,16,761,5,1,0,1,0
3496.89,13,1427,16,2,1,2,1
454.4,23,348,16,0,0,3,1
1994.2,10,1831,17,0,1,0,1
83.77,18,1055,9,4,1,2,1
2112.35,1,1804,27,2,1,2,1
9974.16,2,1902,23,4,1,1,1
1454.53,10,114,3,1,0,4,0
119.33,5,1499,20,1,1,0,1
94.34,13,1492,13,2,1,3,1
1473.0,18,1465,22,1,1,2,1
523.15,15,779,3,2,0,0,0
70.89,20,725,28,1,0,1,0
4234.39,21,1855,7,3,0,2,0
1840.36,23,1807,29,0,0,2,0
1024.28,6,1652,6,3,1,5,1
6910.25,7,772,9,2,1,1,1
370.37,18,1969,12,2,1,5,1
9365.17,19,1254,15,3,0,1,0
1130.49,15,388,21,0,0,1,0
6578.6,21,1255,20,0,1,5,1
2771.03,6,1291,3,4,1,0,1
5258.32,8,722,10,1,1,0,0
12407.97,12,1400,1,4,0,0,1
1020.74,0,1803,19,0,1,4,1
9743.02,7,1382,19,3,1,2,1
1480.34,23,234,23,1,0,0,0
1460.9,21,1747,23,3,0,4,1
1248.31,3,747,13,4,1,2,1
2338.78,2,245,12,2,0,0,1
502.22,2,192,1,3,1,1,1
2420.37,21,721,19,4,1,3,1
2340.73,12,1902,29,4,1,0,1
4305.22,7,1791,24,4,1,3,1
5380.98,6,453,16,2,0,0,1
1741.82,0,1898,25,2,0,1,1
1080.04,15,632,23,2,0,3,1
900.62,5,1039,23,1,1,4,1
649.34,6,1269,28,2,1,1,1
178.13,11,1160,15,2,1,3,1
1257.69,22,1137,16,2,0,3,1
945.15,8,758,11,3,0,5,1
10181.24,10,1948,24,2,1,5,1
2447.36,9,1513,6,1,0,1,0
1279.81,20,164,11,4,0,1,0
2605.84,0,266,3,3,0,1,1
449.67,17,244,15,0,0,2,0
1761.2,3,509,1,2,1,4,1
2952.38,4,298,7,4,0,0,1
2013.56,8,519,1,4,1,5,1
1541.38,16,1585,17,3,0,3,1
15273.12,2,1833,9,0,1,5,1
6368.67,15,718,29,1,1,0,1
2929.76,4,794,26,4,0,1,1
2527.57,15,903,23,4,1,5,1
2907.97,2,785,13,4,1,4,1
674.36,19,1602,11,4,0,4,1
1508.26,14,307,29,3,1,2,1
120.78,2,1643,20,0,0,5,1
1936.19,19,146,6,4,1,1,1
2349.38,13,385,1,1,0,3,0
775.34,15,96,7,1,0,2,0
9975.11,16,1452,12,2,0,1,0
7205.71,23,1787,22,4,0,2,1
3841.95,19,1232,20,4,0,5,1
2286.76,22,1496,23,4,1,0,1
6119.95,17,446,19,4,1,5,1
420.04,17,1343,17,4,0,1,1
4689.23,21,1629,4,1,1,3,1
399.98,13,1787,3,0,1,3,1
4742.71,17,1314,1,0,1,1,0
967.93,14,1356,18,2,0,2,1
6288.92,14,773,27,1,0,4,1
8649.47,5,711,21,4,1,1,1
483.31,14,1984,15,0,0,5,0
1863.46,17,951,8,3,0,3,1
11887.96,3,161,1,3,1,0,1
1981.5,22,1335,20,3,0,3,1
5975.34,7,1311,14,4,0,4,1
2665.53,14,1684,4,4,0,3,1
1411.59,2,1721,5,2,0,4,1
1009.71,14,1041,23,2,0,1,1
681.54,12,816,13,2,1,3,1
4303.91,8,244,28,3,0,2,1
1465.92,1,684,24,4,0,5,1
2147.87,23,570,15,3,1,2,1
2033.74,7,1335,6,2,1,5,1
2583.13,19,47,1,4,0,3,1
6020.29,16,1169,23,1,1,3,1
11849.07,12,831,19,0,0,5,1
1570.64,0,430,13,0,1,0,1
5272.4,1,1252,29,2,0,3,1
4338.49,14,357,29,3,1,0,1
2556.63,11,1841,6,1,0,0,0
9373.91,13,1579,15,4,1,5,1
671.21,1,1897,16,3,0,0,1
347.12,17,1112,24,2,0,0,1
5771.66,21,757,23,3,0,1,1
1734.9,6,1928,16,2,1,2,1
5631.34,22,282,10,0,1,0,0
6707.31,5,1194,22,0,0,2,0
193.48,13,1720,9,3,0,0,0
6448.68,7,1911,9,1,0,2,0
1784.36,21,317,17,4,0,3,1
2142.7,1,1407,17,2,1,3,1
2955.25,16,985,17,4,1,2,1
7826.62,4,742,24,0,1,0,1
57.9,13,1042,12,1,0,1,0
1943.62,23,1834,13,1,0,2,0
3491.58,19,453,12,4,1,4,1
3848.04,20,1146,14,0,1,1,0
3538.16,20,1238,10,4,1,4,1
433.12,21,414,23,3,1,2,1
1067.44,2,1731,19,1,0,0,1
1332.85,4,862,29,1,0,4,1
4895.62,15,1230,2,3,0,2,0
980.35,17,787,4,0,1,1,0
709.85,16,1807,19,1,0,0,0
9471.09,10,1793,7,2,1,4,1
26.71,16,124,26,2,1,2,1
18386.47,15,1154,15,0,1,0,1
3388.65,22,1686,15,3,1,0,1
5288.98,1,74,24,4,1,3,1
1047.05,3,1309,6,0,0,0,0
43.26,20,834,3,4,0,2,0
4016.74,6,248,6,0,0,1,0
5389.92,1,311,16,2,1,5,1
4046.72,5,1425,2,3,0,3,1
462.43,16,1555,28,2,1,2,1
4200.3,6,978,7,3,0,2,0
4395.01,4,378,11,4,1,2,1
3223.58,4,242,26,0,1,4,1
4358.79,19,204,7,1,0,4,0
5610.88,15,916,4,1,1,1,0
2852.68,18,1045,29,3,0,2,1
278.34,8,1939,24,3,0,4,1
2006.11,4,930,20,2,0,4,1
242.49,7,698,7,1,1,4,1
1570.43,8,186,4,2,1,1,1
1568.22,4,226,29,4,1,1,1
204.87,9,1044,12,1,1,2,0
1286.91,1,1479,5,4,0,3,1
352.97,8,639,23,0,1,2,1
4954.46,10,173,29,2,0,4,1
8851.59,3,1584,29,3,0,5,1
225.19,21,62,26,1,1,4,1
9310.97,21,227,19,2,1,0,1
2218.05,21,1751,26,3,0,5,1
1068.16,1,1008,5,0,1,5,1
239.93,22,833,27,1,0,2,0
2083.19,5,1393,19,4,1,4,1
4747.15,13,394,21,0,1,4,1
3683.63,0,65,3,3,0,3,1
154.59,17,127,27,1,0,0,0
227.09,6,909,26,1,0,2,0
1546.88,0,1286,11,0,1,1,1
1049.91,0,807,7,1,1,2,1
793.4,0,789,29,3,1,5,1
989.7,23,1025,17,0,0,2,0
4881.02,3,812,25,4,0,3,1
7944.88,3,854,9,0,1,2,1
1558.1,17,1213,21,0,0,3,1
7096.93,10,1448,9,4,1,5,1
1163.59,0,1903,10,3,0,3,1
1941.29,9,1268,13,2,1,4,1
768.66,8,864,15,2,1,1,1
3068.92,22,717,22,4,1,5,1
11587.0,3,1853,5,3,0,3,1
2775.19,5,1113,29,1,0,0,0
1328.63,15,1680,3,4,1,5,1
3130.82,1,31,27,2,1,0,1
393.47,22,1510,27,3,1,1,1
6585.48,17,852,8,0,1,3,1
2098.0,9,1473,20,3,1,5,1
1789.97,23,1770,10,3,1,5,1
2644.69,23,1603,13,2,0,1,0
2940.76,16,1126,29,2,0,4,1
223.45,12,201,3,1,0,0,0
3442.94,23,1028,29,1,0,5,1
830.95,17,1136,22,4,1,2,1
3754.79,21,405,8,0,1,0,0
5186.94,12,1040,29,1,1,3,1
4888.29,16,649,9,2,0,1,0
2412.24,4,1028,22,3,0,0,1
2202.97,10,576,21,4,1,2,1
462.52,6,240,12,1,0,2,0
4479.58,9,883,11,3,0,1,0
949.93,16,583,2,3,1,1,1
2059.68,14,249,18,1,1,0,1
1003.37,17,99,9,0,1,3,1
431.02,22,241,2,0,0,4,0
2979.17,21,466,2,4,1,2,1
167.59,18,242,3,0,1,1,0
4142.67,1,363,16,4,1,4,1
1146.36,3,1014,19,2,0,4,1
0.4,2,1366,4,1,0,4,1
2146.97,6,448,23,3,1,3,1
143.95,23,1408,25,4,1,1,1
969.59,17,1325,18,0,0,2,0
3682.51,9,354,20,4,0,1,1
194.22,6,673,25,4,1,0,1
5485.37,7,1461,18,0,0,2,0
11.48,5,666,10,0,1,1,0
850.37,21,139,11,1,1,2,0
4051.67,0,150,29,3,0,0,1
1140.58,3,424,17,1,1,5,1
322.4,13,1126,26,1,1,2,1
1339.96,16,635,24,0,0,5,1
945.75,19,293,25,0,1,4,1
5549.03,17,1989,23,3,0,3,1
1127.78,10,1956,24,4,1,0,1
4666.73,20,1688,20,1,1,2,1
6673.32,13,232,16,3,0,0,1
1706.52,8,753,20,1,0,4,1
7221.94,14,472,13,4,0,5,1
1421.16,11,1578,2,1,0,3,0
9979.25,9,1309,24,2,0,0,1
280.59,18,1715,27,3,0,5,1
3484.84,23,1173,2,0,1,4,1
2042.55,18,366,25,1,0,4,1
1471.35,5,1746,14,3,1,4,1
3004.83,19,1056,4,3,0,5,1
3650.74,23,1769,17,1,1,2,1
13.12,5,1913,13,0,1,1,0
548.0,7,1303,4,0,0,0,0
3745.3,0,868,3,1,1,1,1
3293.31,21,674,12,3,1,4,1
10148.38,16,1366,22,0,1,1,1
4294.35,16,1024,23,1,0,5,1
9033.92,23,94,8,1,0,4,0
3637.43,14,630,2,1,1,4,1
1061.69,6,1064,6,3,0,3,1
334.02,18,1774,22,0,0,3,1
4567.36,21,249,10,3,1,5,1
3099.73,22,1923,12,2,1,5,1
148.16,2,372,21,0,0,1,1
1339.1,21,831,10,3,0,0,0
9425.73,10,1422,10,0,0,1,0
2081.85,19,1686,23,2,1,5,1
1700.76,18,677,3,4,0,0,0
1835.81,8,1332,20,1,0,1,0
702.93,9,1890,10,3,0,2,0
1379.96,1,1404,29,2,1,2,1
1385.22,0,108,9,2,1,0,1
161.33,15,56,20,0,1,3,1
4377.47,17,848,19,0,0,0,0
1616.16,22,431,14,1,0,1,0
5180.95,16,1513,2,0,1,4,1
5698.33,5,1612,5,3,0,2,0
714.75,13,71,20,3,0,4,1
3213.17,22,1142,29,3,0,2,1
1917.58,14,1712,29,4,1,1,1
6364.71,13,1582,8,3,0,2,0
729.05,23,1152,7,0,0,0,0
3397.87,21,1019,6,0,1,4,1
2807.58,2,607,11,3,0,5,1
1049.96,23,1415,12,2,1,4,1
440.63,22,401,18,2,0,1,1
3163.55,18,986,19,2,1,5,1
4025.08,11,1085,10,1,1,4,1
1137.76,1,612,25,4,0,1,1
3105.5,2,1322,29,3,0,3,1
1508.23,17,346,25,1,1,0,1
3746.98,0,819,21,2,0,2,1
666.49,19,1237,14,3,1,2,1
6627.69,20,1913,3,1,0,2,0
1016.55,5,1271,18,0,0,3,1
1375.58,4,1415,24,2,0,0,1
179.54,0,1700,15,1,0,4,1
354.7,18,761,6,0,1,4,1
2176.16,0,1169,10,2,1,0,1
934.26,20,1440,27,4,0,5,1
5414.17,20,1541,12,2,0,0,0
44.41,15,1395,7,4,0,2,0
1429.73,11,1414,17,4,0,4,1
1234.5,21,890,1,4,0,0,0
58.55,7,1609,26,3,1,4,1
398.43,15,644,18,3,1,0,1
1601.48,0,263,26,4,0,1,1
2036.93,3,1510,15,0,1,2,1
1554.0,9,1147,19,4,1,0,1
2271.06,10,29,28,1,0,3,1
2712.58,16,537,1,4,1,0,1
29.92,22,1178,5,3,1,1,1
1871.4,6,1241,15,3,1,3,1
9931.27,11,1564,3,1,1,3,1
2195.87,20,385,1,1,0,0,0
3395.35,6,1537,8,2,1,1,1
1121.31,11,1937,12,0,1,3,1
4461.55,14,175,27,0,1,2,1
4447.38,1,1583,22,0,0,5,1
2210.02,13,1214,25,3,1,2,1
11190.83,12,870,19,0,1,4,1
402.48,3,626,25,2,1,4,1
51.28,13,621,25,2,0,1,1
4411.09,13,1635,12,0,0,3,0
4937.61,15,1960,13,1,0,2,0
384.21,6,1845,28,2,0,2,1
926.03,18,1477,1,1,0,5,0
53.12,1,1365,19,3,1,1,1
1041.48,9,512,6,2,0,3,1
4450.29,17,922,8,1,1,1,0
2189.19,16,88,4,0,0,0,0
1283.57,4,594,5,3,0,2,1
1394.4,11,1968,25,4,0,1,1
4.06,5,1971,22,4,1,1,1
1069.17,21,697,28,0,1,5,1
3119.27,8,405,7,3,1,0,1
10971.5,19,1641,23,3,0,4,1
5633.14,0,1890,4,3,0,2,1
71.63,21,1136,20,3,0,5,1
6864.88,14,411,4,4,0,1,0
4586.32,20,984,15,1,0,2,0
4547.52,5,233,27,3,0,4,1
1837.44,18,527,21,1,1,1,1
1522.52,17,643,5,3,1,0,1
1082.55,5,245,24,2,0,2,1
203.86,12,1460,9,2,1,5,1
777.23,0,125,2,2,1,0,1
849.49,22,1196,27,3,1,4,1
1985.39,22,235,7,1,0,4,0
4128.37,12,239,17,4,0,2,1
1926.28,6,191,16,0,0,4,1
178.75,14,1282,17,4,0,3,1
9495.28,11,1351,20,3,1,5,1
8579.64,0,1998,26,2,0,2,1
4614.0,14,219,23,2,0,3,1
14242.93,3,1689,2,1,0,4,1
2358.96,12,1425,11,3,1,2,1
9871.79,22,1890,2,4,1,3,1
235.85,4,105,1,3,1,4,1
1365.61,1,903,26,3,1,1,1
766.15,22,1891,2,2,1,1,1
653.85,0,765,29,4,0,0,1
455.27,15,1119,23,0,1,1,1
2921.87,22,424,9,2,1,3,1
4560.46,5,403,22,4,0,5,1
2590.37,22,705,26,1,0,1,0
476.86,15,1666,2,2,0,2,0
4999.99,13,853,28,1,1,2,1
3031.43,2,1534,15,2,0,2,1
1473.88,14,613,10,3,1,1,1
3363.77,2,591,15,4,0,1,1
902.93,22,1949,10,1,1,0,0
1270.24,1,142,29,2,1,5,1
7484.36,0,800,25,1,1,5,1
1029.6,8,658,23,2,1,4,1
1904.57,8,1347,27,2,0,0,1
6625.68,22,1732,17,0,0,3,1
3690.14,6,230,28,0,1,2,1
192.67,2,985,9,0,0,1,0
478.05,17,1471,18,1,1,4,1
23.62,10,1079,4,3,0,4,1
2990.24,6,1823,9,2,0,1,0
1780.85,8,1225,16,4,1,0,1
432.56,0,1553,4,0,1,4,1
9505.56,13,1412,16,1,0,5,1
2262.9,19,797,19,1,1,0,1
830.79,5,700,1,1,0,1,0
2083.07,6,1367,23,4,0,0,1
3414.75,9,48,6,4,0,5,1
237.91,6,1326,10,0,1,2,0
963.53,1,699,16,4,1,1,1
4934.66,3,171,4,0,0,5,1
1846.7,20,1364,22,4,1,1,1
2372.79,16,1919,22,4,1,5,1
1701.21,0,1137,13,4,0,5,1
134.68,9,170,16,0,1,4,1
543.67,18,1832,20,2,1,4,1
1769.29,14,1668,29,0,0,4,1
704.08,9,1087,6,2,1,2,1
153.81,18,1973,26,1,0,2,0
5566.97,11,1067,11,1,1,5,1
11920.5,23,251,24,0,1,3,1
4727.18,15,976,29,2,0,1,1
5768.03,8,899,3,2,0,4,1
831.13,14,122,20,2,1,1,1
9704.02,16,1023,10,1,0,5,0
657.92,13,327,29,0,0,0,0
9074.24,17,32,28,3,1,5,1
15788.44,1,1591,1,2,0,2,1
3731.5,3,833,20,2,1,3,1
11912.73,17,1680,11,3,1,0,1
2528.7,6,1151,26,0,0,1,0
901.46,12,710,26,2,1,2,1
1723.41,14,1676,12,0,0,4,0
2700.96,22,1028,14,2,1,0,1
227.67,21,1967,25,4,0,2,1
2921.31,0,1245,8,2,0,1,1
11918.16,10,1451,11,4,1,5,1
632.56,9,1146,4,0,0,1,0
4719.25,4,1077,28,2,0,0,1
7154.6,15,137,7,1,0,0,0
8631.27,10,885,10,1,1,5,1
9666.82,20,167,19,3,1,0,1
2211.04,5,1818,25,1,0,3,1
11357.22,8,836,26,4,0,4,1
4247.91,12,1427,4,1,1,2,0
529.04,23,1900,2,1,1,5,1
1943.95,7,861,26,1,1,1,1
3801.07,13,521,21,2,0,1,1
852.43,23,1947,18,3,1,4,1
3070.08,0,54,14,0,0,0,0
3295.24,16,1141,26,3,1,0,1
532.72,23,228,16,4,0,1,1
2497.82,4,452,22,2,1,4,1
4430.32,1,1863,11,2,0,1,1
2072.82,23,324,10,1,1,0,0
36.53,8,186,17,1,1,5,1
27.24,3,237,14,4,0,2,1
1324.97,16,1736,22,2,1,0,1
7818.95,16,1705,4,0,1,5,1
778.94,20,1939,19,3,1,2,1
3018.35,17,276,2,2,1,3,1
753.38,15,879,7,0,0,4,0
1164.36,7,847,9,0,0,5,0
5652.46,10,1412,28,3,1,3,1
3915.38,20,498,19,0,0,0,0
300.78,20,711,16,4,0,4,1
1679.53,17,696,22,0,0,5,1
88.81,22,1323,25,4,0,0,1
1966.92,23,1005,16,0,0,4,1
3257.98,9,366,18,1,1,4,1
378.4,12,1690,23,0,0,0,0
1022.76,16,1777,21,4,1,0,1
1521.68,17,881,21,0,0,5,1
7559.65,9,1983,11,0,1,4,1
14996.87,15,213,7,0,1,5,1
137.85,19,1246,9,4,1,4,1
4293.97,4,561,4,0,0,5,1
1394.33,12,1820,25,3,0,0,1
1495.0,17,332,13,3,1,0,1
4210.5,16,603,27,4,1,1,1
7518.75,8,190,26,1,0,5,1
9043.44,13,508,25,3,0,1,1
2582.02,16,1353,29,2,1,1,1
1325.4,3,92,4,3,0,3,1
4647.13,17,312,19,2,0,4,1
867.05,19,271,2,4,0,2,0
2490.85,23,793,9,1,0,3,0
1332.21,23,1233,12,2,0,4,1
3206.85,14,1273,2,2,0,2,0
824.89,10,923,6,3,1,1,1
638.07,11,701,5,2,1,2,1
7511.87,8,953,5,4,1,0,1
322.1,12,692,20,4,1,0,1
2115.4,14,1328,22,4,1,5,1
748.67,14,1545,5,3,1,4,1
119.12,4,698,27,1,0,3,1
110.05,22,1914,4,3,0,1,0
577.92,18,405,29,4,1,4,1
6047.04,19,1782,9,3,1,1,1
995.86,13,1171,29,4,1,0,1
9014.87,16,848,22,0,0,3,1
2614.11,17,887,27,0,0,3,1
1721.37,20,832,10,2,0,0,0
2603.14,2,1162,16,1,0,2,1
2181.34,1,58,10,0,1,3,1
4266.09,0,1709,29,4,1,2,1
995.93,9,798,10,3,1,1,1
1306.46,18,302,29,3,1,3,1
6735.62,16,1661,19,2,0,5,1
8781.78,11,545,10,3,0,0,0
6692.42,0,320,6,0,1,2,1
1631.33,11,546,17,3,0,5,1
4547.37,16,1936,5,0,0,1,0
1940.71,23,648,26,0,0,1,0
2064.72,2,243,6,1,0,3,1
687.03,10,1242,27,2,1,3,1
2683.08,16,614,24,4,0,5,1
617.89,22,103,27,0,1,4,1
1208.45,2,336,15,2,0,4,1
5793.69,7,234,25,4,0,3,1
696.08,19,976,27,3,1,4,1
221.45,3,899,19,2,1,0,1
214.51,20,1825,18,2,0,5,1
8479.72,21,20,29,2,0,0,1
2121.25,6,1362,4,3,1,4,1
1579.91,13,1045,8,3,0,3,1
4996.1,13,44,27,2,0,0,1
5420.48,3,456,16,1,1,1,1
1211.26,15,1485,24,0,0,3,1
3548.77,23,1773,19,3,0,5,1
4423.71,21,1253,20,1,0,2,0
3189.6,0,450,3,3,0,2,1
493.19,16,662,10,2,0,3,1
6259.59,9,1568,2,1,1,4,1
2323.69,21,604,4,4,0,0,0
995.83,15,238,6,0,1,0,0
1661.35,15,1968,11,0,1,3,1
114.89,7,353,14,3,0,1,0
410.44,6,1113,16,0,1,5,1
4351.5,5,1386,27,4,0,4,1
0.03,15,1429,21,1,1,1,1
1616.47,19,1323,19,1,1,3,1
2217.64,15,1488,2,2,1,3,1
168.55,6,1876,25,1,0,1,0
10844.45,8,1704,17,3,1,2,1
769.04,13,998,9,4,1,3,1
1088.07,10,1161,17,2,1,5,1
1086.97,13,1735,15,3,0,4,1
785.72,6,918,7,3,0,1,0
4.42,0,1576,22,3,1,2,1
3920.73,12,1931,23,0,1,1,1
10219.73,19,1392,19,3,1,2,1
761.94,2,536,3,0,1,2,1
3263.44,19,1346,29,1,0,5,1
4063.18,3,84,27,0,0,4,1
5660.03,10,1579,1,3,0,3,1
1647.81,1,1904,4,4,1,2,1
1082.61,13,205,28,4,0,3,1
1180.44,11,1876,18,1,1,4,1
3740.86,16,38,26,3,1,3,1
5091.19,11,715,8,0,1,5,1
601.26,11,1030,19,4,0,5,1
1390.59,0,25,23,2,1,0,1
6966.53,12,1456,23,3,0,5,1
4930.44,13,1622,28,3,1,2,1
12570.93,23,814,25,2,0,4,1
4210.3,1,1626,6,4,1,5,1
1498.64,11,1438,1,2,0,1,0
2679.47,20,949,8,1,1,4,1
3245.39,15,1669,1,0,0,2,0
245.11,3,1564,19,0,1,4,1
2359.06,7,976,11,4,1,5,1
3706.61,1,1647,21,2,1,1,1
549.32,9,1937,24,3,0,0,1
4551.01,8,1110,25,3,1,2,1
2629.57,22,238,15,3,1,2,1
9123.56,14,971,23,1,1,4,1
130.05,12,1330,25,1,0,3,1
924.99,22,1543,11,3,1,3,1
2760.55,16,724,19,4,1,1,1
1055.32,15,993,29,1,0,0,0
3759.74,1,1999,21,1,1,0,1
4268.94,19,582,10,0,0,4,0
324.48,19,1571,24,0,1,4,1
2163.74,13,1616,12,4,0,3,1
2133.26,2,624,1,1,0,5,1
1382.68,22,335,24,1,0,0,0
8105.83,11,1396,7,2,1,5,1
5272.18,7,1702,17,4,1,0,1
3584.14,1,884,29,4,0,5,1
3758.72,3,368,29,2,1,5,1
1858.11,13,1739,26,2,1,0,1
7614.71,15,1820,28,0,0,1,0
3558.35,18,333,10,4,0,1,0
3916.7,1,1731,28,4,0,4,1
5934.79,11,1359,6,2,0,5,1
960.91,13,1658,17,3,1,5,1
4936.3,5,1858,18,3,1,5,1
651.64,12,174,5,0,1,5,1
1270.93,3,1606,18,3,1,5,1
1226.66,21,1637,26,3,1,3,1
11522.66,17,807,17,3,1,2,1
5825.04,11,464,22,1,0,5,1
3623.64,19,1186,16,0,1,3,1
3895.47,21,1770,8,2,1,1,1
2477.11,20,1160,24,3,1,5,1
8817.53,18,202,13,1,0,1,0
2057.08,7,636,29,3,0,4,1
1436.61,6,1807,24,1,1,2,1
533.92,15,539,16,0,0,0,0
4628.22,18,1043,11,3,0,2,0
3977.79,5,101,6,1,1,5,1
1455.25,19,148,27,4,1,5,1
76.55,20,490,3,4,1,2,1
5479.0,10,458,1,1,0,2,0
34.45,4,1366,18,3,0,4,1
3649.15,15,878,5,3,1,1,1
10545.5,6,349,13,0,0,0,0
1726.95,4,1994,10,0,0,2,0
803.53,10,1085,5,2,0,0,0
3661.03,14,1740,26,0,1,2,1
5096.91,2,475,14,3,1,1,1
2371.82,4,727,17,2,1,0,1
10236.95,22,808,1,0,1,3,1
159.15,20,484,25,1,1,1,1
2108.35,4,410,2,4,0,0,1
3802.38,8,1472,7,0,0,2,0
5955.46,14,1911,10,0,0,2,0
592.63,2,614,20,1,0,1,1
4828.37,5,941,7,3,0,1,0
2413.62,16,1006,24,1,0,2,0
1515.29,20,931,16,0,1,0,1
423.71,7,830,5,3,1,3,1
6014.02,20,666,29,2,0,4,1
513.34,10,607,28,0,1,1,1
1112.27,5,1542,12,1,0,2,0
1027.66,7,1186,17,2,0,0,1
6153.47,9,523,16,4,1,1,1
